CharacteristicName,CharacteristicDescription,CharacteristicCategory
YCH_PUINFR_PREIS_T,Price PIR,
ZCH_DETAN_BOMQTY_LOCKNUTPRE_R,BOM qty locknut preload right,
ZCH_ANCRA_L,Length L [mm],
ZCH_DURA_SH_PROFILE_W,Profil width [mm],
ZCH_ANCRA_FAM,ANCRA Family,
ZCH_ANCRA_BR_DIAM_TH,Theor. bending roll diamter,
YCH_SO_IETM_TEXT,Short text for sales order ite,
ZCH_ANCRA_HIDE_CHAR_06,Hide 6,
YCH_PUINFR_T,PIR Number,
ZCH_ANCRA_KG_PER_MM,[kg/mm ],
ZCH_ANCRA_H,Height h [mm],
ZCH_ANCRA_AX_D_YES_NO,Axis distance bendable?,
ZCH_ANCRA_CUT,Cut,
ZCH_ANCRA_BEND_YES_NO,Bendable?,
ZCH_ARBO_INSUL_STREN,Insulation strength [cm],
ZCH_BR_DROPPER_GV_MD,(BR)D value of dropper,
ZCH_ANCRA_HIDE_CHAR_02,Hide 2,
ZCH_BR_PRESSURE_PLATE_HEIGHT,(BR) Pressure plate height,
ZCH_COMP_WEIGHT_G,Component weight (g),
ZCH_ARBO_SEISMIC,SE: Seismic?,
ZCH_ANCRA_L1,Length L1 [mm],
CH_BASKET_WEIGHT,Basket weight,
ZCH_ANCRA_AKEA_THEAD_T_S_MM,AKEA Thread time [s/mm ],
ZCH_DETAN_BOMQTY_CROSSCOUPLER,BOM quantity cross coupler,
ZCH_ANCRA_MAT_DESC_Z2,Material Description Row 2,
ZCH_ANCRA_BR_DIAM_MIN,min. bending roll diamter,
ZCH_ANCRA_STIR_DIST,Stirrup distance t [mm],
ZCH_ANCRA_HIDE_CHAR_11,Hide 11,
CH_TEXT_TEST2,text test2 error message,
ZCH_ANCRA_MAT_QUAL,Material quality,
ZCH_ANCRA_NUT_H,Nut height,
ZCH_ANCRA_HIDE_CHAR_09,Hide 9,
ZCH_ANCRA_HIDE_CHAR_01,Hide 1,
YCH_CHAR2,Char2,
ZCH_ANCRA_LS,Foam length LS [mm],
ZCH_ARBO_DURA_LEFT,D: DURA left?,
ZCH_ARBO_MIN_SP_H_ERROR,Error Shear plate height,
YCH_CHAR1,Char1,
YCH_FACTOR_DUMMY,Sales Price factor,
ZCH_BR_PRESSURE_PLATE_PUNCH,(BR) Punch pressure plate (?),
ZCH_ANCRA_WASH_QTY,Quantity of washer,
ZCH_ANCRA_AXIS_DIST_CHAR,Axis distance b in char,
YCH_SALES_PRICE_COND,Sales Price Condition,
ZCH_ANCRA_AXIS_DIST,Axis distance b [mm],
YCH_SO_ITEM_TEST1,Sales Document Item,
YCH_NAME,Profile Name,
ZCH_ARBO_G_ERROR_M,Bolted: allowed combination,
YCH_PLPO_LIFNR_T,Vendor Number,
ZCH_DE02_LENGTH,Length,
ZCH_ARBO_CONFIG_INVALID,Config. check,
CH_TEXT_TEST3,text test3 error message,
CH_BASKET_DESCRIPTION,Basket description,
ZCH_ARBO_FACTOR_2,Factor 2 Anchorage length,
ZCH_ANCRA_COUPLER_WT,Coupler weight [kg],
ZCH_ARBO_INSUL_STREN_CHAR,Insulation strength [cm] Char,
ZCH_DETAN_BOMQTY_COUPLER,BOM quantity coupler wo. lug,
YCH_SO_SITE,Sales Organization,
CH_WEIGHT_COUNT,weigth count,
ZCH_ARBO_INT_MAT_DESC1,Partial Material Descripton,
ZCH_ANCRA_AKEA_BASE_TIME,AKEA base time [s],
ZCH_DURA_SH_HEB_T,HEB t [mm],
ZCH_ARBO_EDGE,E: Edge?,
ZCH_HIT_LOW_HEIGHT,low height of hit,
ZCH_ANCRA_UNROLL_L,Unrolled length [mm],
ZCH_BR_PRESSURE_PLATE_TH,(BR) Pressure plate thickness,
YCH_SO_IETM_TEXT1,Short text for sales order ite,
ZCH_ARBO_BOT_COVER,Bottom coverage cu [mm],
ZCH_ARBO_BEND_ROLL,Bending roller,
ZCH_DETAN_KIT_YN,Detan KIT Y/N,
ZCH_ANCRA_THREAD_L2,Thread length right [mm],
ZCH_ANCRA_H_CHAR,Height in CHAR,
ZCH_ANCRA_MAT_DESC_Z5,Material Description Row 5,
ZCH_ANCRA_STD_DIM_YES_NO,Standard dimensions?,
ZCH_ARBO_NUM_LAY_CHAR,Number of layers CHAR,
ZCH_C500AB_BRACKET_DIM_A_CHAR,Bracket Dim A Character,
ZCH_ARBO_HIDE_CHAR_2,Hide 2,
ZCH_DE02_PQTY_BENDING,Num. employees Bending,
ZCH_COMPONENT3_STR10,Component String 3,
ZCH_ARBO_WALL,W: Wall ?,
ZCH_BRSA4_BEND,Bar design,
ZCH_ANCRA_B,Length B [mm],
ZCH_ANCRA_HIDE_CHAR_08,Hide 8,
ZCH_DETAN_MD_C1Q,Mat Descr. Transl. Qty Coupler,
ZCH_ARBO_SEL_COV_PL_STD,Select Standard Cover plate,
ZCH_BRACKET_CUT_L,CuttingEgde for Laser,
ZCH_ARBO_HEIGHT_OFFSET_CHAR,Height offset in Char,
ZCH_ANCRA_MAT_DESC_Z3,Material Description Row 3,
ZCH_ANCRA_HIDE_CHAR_05,Hide 5,
ZCH_BRACKET_TOOTH_BR,HK5 toothed bracket,
ZCH_BRACKET_I,I dimension,
ZCH_ANCRA_TYPE,Type,
ZCH_ANCRA_L2,Length L2 [mm],
ZCH_ARBO_WALL_FOOT,M: Wall foot?,
ZCH_ARBO_EDGE_NOTE,Note ARBO-Edge,
ZCH_DETAN_DESIGN,DETAN design,
ZCH_DETAN_MD_MAT,MatDesc.Trans. Material,
ZCH_ARBO_SEL_COV_PL,Select Cover plate,
ZCH_ANCRA_HIDE_CHAR_07,Hide 7,
ZCH_BRACKET_LOAD,Load type,
ZCH_ARBO_MIN_SHEAR_PLATE_H,Act. shear plate height [mm],
ZCH_ANCRA_THREAD_TYPE,Thread type (S/R),
ZCH_ARBO_RF,RF: ?,
ZCH_ANCRA_HIDE_CHAR_03,Hide 3,
ZCH_ANCRA_BR_DIAM_MAX,Max. bending roll diamter,
ZCH_ANCRA_HIDE_CHAR_13,Hide 13,
ZCH_DETAN_DIAM_STR3,DETAN Diameter,
ZCH_ARBO_HEIGHT_OFFSET,Height offset [cm],
ZCH_DE02_LENGTH2,Length,
ZCH_DETAN_ROD4_LMIN,Detan rod 4 L min,
ZCH_ARBO_DURA_REQ,Q: DURA required?,
CH_BASKET_DESCRIPTION_TEST1,basket description,
ZCH_ANCRA_HIDE_CHAR_04,Hide 4,
ZCH_ARBO_FAMILY,ARBO Familiy,
ZCH_ARBO_HEIGHT_CHAR,Height [cm] Char,
ZCH_BRACKET_QUAL,Gusset  material quality,
ZCH_DETAN_MD,DETAN Basic Mat Descr. Transl.,
ZCH_ANCRA_NUT_QTY,Quantity of nuts [pce],
ZCH_ANCRA_H_YES_NO,Height bendable?,
ZCH_BRACKET_WEIGHT,Gusset weight,
ZCH_ARBO_BOT_COVER_CHAR,Bottom coverage cu [mm] CHAR,
ZCH_HBT_PROFIL_PUNCHING,Punching [YES/NO]:,
ZCH_DETAN_BOMQTY_SPADE_R,BOM quantity Spade Right,
ZCH_HIT_STIRRUP,Stirrup for Balcony Conector,
ZCH_ARBO_LO_DEPTH_R,Right Loop [cm],
ZCH_BRACKET_TYPE,HK5 type,
ZCH_ANCRA_HIDE_CHAR_10,Hide 10,
ZCH_DETAN_MD_C4,Mat Descr. Trans.Cross coupler,
ZCH_ARBO_FACTOR,Factor Anchorage length,
ZCH_DETAN_ROD1_LMAX,Detan rod 1 L max,
ZCH_ARBO_INT_DIAM_R,Internal Diameter [mm],
ZCH_ANCRA_HIDE_CHAR_12,Hide 12,
ZCH_ARBO_TOP_BOT_TENS,Z: Top and bottom tension?,
ZCH_ARBO_BOLTED,G: Bolted?,
ZCH_DETAN_BOMQTY_LOCKRING_ADD,BOM quantity add. lock rings,
ZCH_DE02_PQTY_FETTE,Personal Quantity Thread Fette,
ZCH_DETAN_ROD_LTHREAD_RANGE,Thread length range,
ZCH_DETAN_BOMQTY_FORK_L,BOM quantity Fork Left,
ZCH_DE02_THREAD1_AKEA_ALLOWED,Thread AKEA allowed (Y/N),
ZCH_COMPONENT_STR10,Component String,
ZCH_COMPONENT4_STR10,Component4 String,
ZCH_ANCRA_DIAM,Diameter [mm],
ZCH_ARBO_CO_RE_CLASS_IV,IV: Corr. resist. class IV?,
ZCH_DETAN_ROD_THREADDESIGN,Detan rod thread combination,
ZCH_BOM_SCRAP_PERC,Component Scrap in Percent,
ZCH_DETAN_ROD_LMIN_THREAD2,Thread2 L min,
ZCH_BRSA4_TYPE,BRS Type (Material),
ZCH_ARBO_CONF_INVAL_YN,Config. invalid (Yes / No),
ZCH_ANCRA_MAT_DESC_Z4,Material Description Row 4,
ZCH_DETAN_LSYS1,System length 1 (mm),
ZCH_DE02_COUPLERSYSTYPE,Coupler system type,
ZCH_ARBO_800_ST_PL_OPERATION,Stiffering plate operation,
ZCH_ANCRA_THREAD,Thread Mxx,
ZCH_DETAN_ROD_MD_LENGTH,MatDescr DT Rod/System length,
ZCH_ARBO_SHEAR_PL_OPERATION,Shear plate operation,
ZCH_DETAN_DESIGN_NDEF,Detan Design,
ZCH_DETAN_ROD4_LMAX,Detan rod 4 L max,
ZCH_C500AB_SELECT,Complet/only Dow./only Slev,
ZCH_ANCRA_THREAD_L1_CHAR,Thread length 1 in char,
ZCH_BRACKET_LOAD_FK5,Load type,
ZCH_BRACKET_PR_PL_JF_LENGTH,JF screw length,
ZCH_BR_DROPPER_GV_WELD,(BR) Welding length GV,
ZCH_ARBO_SEL_COV_PL_STD_2,Select Standard Cover plate 2,
ZCH_ARBO_BEND,K: bend?,
ZCH_ARBO_HEIGHT,Height [cm],
ZCH_ANCRA_NOTE_THREAD,Note Thread,
ZCH_DURA_SH_METAL_SHEET_TH,Metal sheet Thickness [mm],
ZCH_BRSA4_BOMQTY_STD,BRS STD BOM QTY,
ZCH_DETAN_LSYS2_RANGE,Range system length 2 (mm),
ZCH_DURA_SH_METAL_SHEET_H,Metal sheet height [cm],
ZCH_AX_MATERIAL_NO,AX Material number,
ZCH_ANCRA_L_CHAR,Length in CHAR,
ZCH_ANCRA_MAT_DESC_Z1,Material Description Row 1,
ZCH_DETAN_LSYS2,System length 2 (mm),
ZCH_BRACKET_HOLE_CUT_L,Hole length in gusset,
ZCH_CS960_BRACKET_DIM_B_CHAR,Bracket Dim B,
ZCH_DURA_SH_CODE_1,Code 1,
ZCH_CS960_SURCHARGE_UNROLL_1,Surcharge unrolling,
ZCH_ARBO_SHEAR_LOAD,C: Shear Load?,
ZCH_BRSA4_DIAM,Bar diameter,
ZCH_ARBO_COMP_BAR,Compression bar length [mm],
ZCH_HIT_MVX_ES,MVX ES,
ZCH_DETAN_MD_DESIGN,Mat Descr. Transl. Design,
ZCH_OPR_TEXT_09,Additional Text 09,
ZCH_ARBO_NUM_LAY,Number of layers,
ZCH_BRSA4_THREADOPTION,Thread (type),
ZCH_ANCRA_THREAD_L2_CHAR,Thread length 2 in char,
ZCH_DURA_SH_PL_SEL_3,Select Plasma 3,
ZCH_ARBO_TOP_COVER_CHAR,Top coverage co [mm] CHAR,
ZCH_HIT_TYPE,Type of HIT,
ZCH_ARBO_TOP_COVER,Top coverage co [mm],
ZCH_ARBO_LO_DEPTH_R_CHAR,Right loop in Char,
ZCH_CONFIGPROFILE,Configuration Profile,
ZCH_ARBO_SEL_RO_WO_STD,Select Standard Stonewoll body,
ZCH_DETAN_ROD_MAT_SCODE,Detan rod material short code,
ZCH_DETAN_LID_WEIGHT,Lid weight (kg),
ZCH_HBS05TPL_DIAM,Bar Diameter (mm),
ZCH_DETAN_COUPLERDESIGN2,Coupler design 2,
ZCH_DETAN_LROD,Single rod length (mm),
ZCH_DE02_PQTY_STANKO,Personal Quantity Stanko,
ZCH_DETAN_NUMCOUPLERS,Number of couplers (0 - 3),
ZCH_ARBO_SEL_RO_WO_STD_3,Select Standard Stonew. body 3,
ZCH_ARBO_FAMILY_CHAR,ARBO Familiy Char,
ZCH_DETAN_SUBMEAS_ASSEMBLY,Detan Submeasure Assembly,
ZCH_DETAN_BOMQTY_FORK_R,BOM quantity Fork Right,
ZCH_DETAN_ROD_MD_RODDEF,Mat Desc.Trans. rod definition,
ZCH_C500AB_SURCHARGE_UNROLL_1,Surcharge unrolling 1,
ZCH_BOM_QTY_U,BOM Quantity,
ZCH_ARBO_DIAM,Diameter (S/T/U),
ZCH_DURA_SH_HEB_A,HEB a [mm],
ZCH_DETAN_MD_POS,Mat Descr. Transl. FixTxt Pos.,
ZCH_C500AB_TYPE_1,Type,
ZCH_ARBO_HIDE_CHAR_1,Hide 1,
ZCH_DETAN_ROD1_LENGTH,Detan rod 1 length,
ZCH_BRSA4_BOMQTY_SCRAP,BRS Scrap BOM QTY,
ZCH_DETAN_MD_LTH2,Mat Desc.Trans. length thread2,
ZCH_DURA_SH_WEB_SPACING_1,Web spacing (Axis),
ZCH_DE02_WELD_ADD_MM,Welding Addition (mm),
ZCH_ARBO_SEL_RO_WO_STD_2,Select Standard Stonew. body 2,
ZCH_BRACKET_TH,Gusset thickness,
ZCH_DETAN_BOMQTY_PIN,BOM quantity Fork Pin,
ZCH_DETAN_BOMQTY_LOCKNUTPRE_L,BOM qty locknut preload left,
ZCH_BR_DROPPER_GV_MB,(BR)B value of dropper,
ZCH_ARBO_HIDE_CHAR_01,Hide: Error Message,
ZCH_BR_DROPPER_GV_LENGTH,(BR)Length of dropper,
ZCH_ANCRA_THREAD_L1,Thread length left [mm],
ZCH_DURA_SH_WS_DHY,Weld seams DHY,
ZCH_DURA_SH_CODE_3,Code 3,
ZCH_DURA_B_WT_12,Weight ø12mm,
ZCH_DURA_SH_NOTE_WS,Note weld seams,
ZCH_BR_DROPPER_QUAL,(BR) Dopper quality,
ZCH_ANCRA_LS_CHAR,Foam length in CHAR,
ZCH_ARBO_DURA_RIGHT,D: DURA right?,
ZCH_DETAN_MD_POS4,Mat Descr. Transl. FixTxt Pos4,
ZCH_DE02_LENGTH_STR,Length string,
ZCH_DETAN_BOMQTY_LOCKRING,BOM quantity lock ring std.,
ZCH_FK5_GALVANIZE,Galvanize ?,
ZCH_DETAN_MD_L1,Mat Desc.Trsl. SysEnd1 LThread,
ZCH_BRACKET_TOOTH_BR_FK5,FK5 toothed bracket,
ZCH_DETAN_ROD_LENGTH,Detan rod length,
ZCH_ARBO_INT_MAT_DESC2,Partial Material Descripton 2,
ZCH_HK_BACK_PL_TH,Back plate/angle thickness,
ZCH_DETAN_MD_TH1_LR,Mat Descr. Transl. Thread1 L/R,
ZCH_ORSO_CS_FORM,Cross Section Form,
ZCH_C500AB_UNROLL_L,Unrolled length [mm],
ZCH_DETAN_COUPLERDESIGN1,Coupler design 1,
ZCH_ARBO_BAR_QTY,Number of bars,
ZCH_HK_HW_FV_HOLE,Punch for coating (?),
ZCH_DE02_LENGTH2_STR,Length2 string,
ZCH_HIT_WIDTH,WIDTH OF HIT,
ZCH_DURA_SH_PL_QTY_3,Plate quantity 3,
ZCH_BRACKET_K2,K2 dimension,
ZCH_DURA_SH_WELD_LAY_C_CHAR,Welding layer center in Char,
ZCH_C500AB_BRACKET_ERROR,Min. dim. bracket type B,
ZCH_HK_BACK_PL_LENGTH,Back plate/angle length,
ZCH_DETAN_LSYSTOTAL,rod system length total (mm),
ZCH_HDB_HEIGHT,HDB stud height,
ZCH_DS_THREADLENGTH,DS-GWA Thread Length,
ZCH_DURA_SH_METAL_SHEET_H_CHAR,Metal sheet height in Char,
ZCH_HBS05_C,Bending measure c,
ZCH_DETAN_ROD2_LMIN,Detan rod 2 L min,
ZCH_COMPONENT2_STR10,Component String 2,
ZCH_BRACKET_DROPPER_W,(BR)Width of dropper,
ZCH_DURA_SH_PROF_TYPE,Profile Type,
ZCH_DETAN_RODTEXT3,Text rod 3,
ZCH_DETAN_SYS_END2,System ending 2,
ZCH_CS960_BRACKET_DIM_A_CHAR,Bracket Dim A,
ZCH_COMPONENT5_STR10,Component5 String,
ZCH_ARBO_HIDE_CHAR_5,Hide 5,
ZCH_DURA_SH_WELD_T_FW,Welding time FW [min],
ZCH_DURA_B_TYPE,Basket type,
ZCH_DETAN_MD_SYSENDS,Mat Descr.Trsl. FixTxt SysEnds,
ZCH_BR_DROPPER_GV_TH,(BR)Thickness of dropper,
ZCH_DETAN_ROD3_LENGTH,Detan rod 3 length,
ZCH_DETAN_LSYS4,System length 4 (mm),
ZCH_DETAN_MD_LTHREAD2,Mat Desc.Trans. length thread2,
ZCH_DURA_SH_WELD_LAY_P_CHAR,Welding layer peri. in Char,
ZCH_DETAN_MD_TH2_LR,Mat Descr. Transl. Thread2 L/R,
ZCH_DETAN_BOMQTY_LIDS,BOM quantity lids (DT System),
ZCH_DETAN_BOMQTY_SPADE_L,BOM quantity Spade Left,
ZCH_DETAN_ROD_MD_LENGTHDEF,MatDescTrans.length definition,
ZCH_DETAN_MD_TXT_LROD3,Mat Descr.Transl. FixTxt LRod3,
ZCH_BRSA4_LENGTH,Bar length (120 - 6000 mm),
ZCH_ARBO_SEISMIC_PL_OPERATION,Seismic plate operation,
ZCH_BRACKET_DROPPER_L,(BR)Length of dropper,
ZCH_C500AB_BRACKET_DIM_A,Bracket dimension a [mm],
ZCH_HBS05_DBRXDIAM_RESULT,Result DBR x DIAM,
ZCH_HBS05_C_LMIN,L min c,
ZCH_HDB_LENGTH_REMAINDER,Length remainder,
ZCH_HBT_ADDITIONAL_OPERATION,Additional operation [YES/NO]:,
ZCH_C500AB_SURCHARGE_UNROLL_2,Surcharge unrolling 2,
ZCH_ARBO_SEL_RO_WO,Select Stonewoll body,
ZCH_ARBO_SEL_COV_PL_STD_3,Select Standard Cover plate 3,
ZCH_DETAN_SYS_END1,System ending 1,
ZCH_DETAN_BOMQTY_LOCKNUTSTD_L,BOM quantity locknut std. left,
ZCH_DS_TYPE,DS Spacer bolt type,
ZCH_HBS05_LENGTH_LMAX,L max length,
ZCH_DETAN_ROD_STDTHREAD_YN,Detan rod standard thread Y/N,
ZCH_DETAN_MD_POS3,Mat Descr. Transl. FixTxt Pos3,
ZCH_DETAN_ROD_LMAX,Detan rod L max,
ZCH_ARBO_RS_KG_PER_MM,Ripped steel [kg/mm],
ZCH_HSC_LENGTH,Bar length (mm),
ZCH_DETAN_MD_THREAD1_LR,Mat Descr. Transl. Thread1 L/R,
ZCH_ORSO_FLOOR,Floor,
ZCH_CS960_UNROLL_L,Unrolled length [mm],
ZCH_DETAN_MD_POS2,Mat Descr. Transl. FixTxt Pos2,
ZCH_BR_PRESSURE_PLATE_WIDTH,(BR) Pressure plate width,
ZCH_HK_SAND_BLAST,HK5 sand blasting (?),
ZCH_DETAN_BOMQTY_LOCKNUTSTD_R,BOM quantity locknut std.right,
ZCH_HK_POSITION,Position number,
ZCH_HBT_C_MAIN,C = [mm]:,
ZCH_DETAN_DIAM,Detan rod diameter,
ZCH_DURA_SH_WS_K,Weld seams K,
ZCH_DETAN_VERSION,Version description,
ZCH_HK_HK_END_L,Left side design,
ZCH_DETAN_ROD_MATERIAL,Detan rod material,
ZCH_HK_ADDITIONAL_SUPPORT_PL,Additional support plate (?),
ZCH_HBS05_DIAM2_STR3,HBS05 Diameter2 String,
ZCH_DURA_SH_NOTE_WS_YN,Weld seam INVALID y/n,
ZCH_HIT_CSB_QTY,Number of CSB,
ZCH_DETAN_SYSEND2_LTHREAD,LThread Sys End 2,
ZCH_DETAN_ROD_LMIN_THREAD,Thread L min,
ZCH_BRACKET_PUNCH,Gusset punch (?),
ZCH_FK5_RAL,RAL colour,
ZCH_DETAN_SYSEND1_LTHREAD,LThread Sys End 1,
ZCH_DS_THREADLENGTH_CHAR,Thread length to char,
ZCH_DE02_THREAD2_AKEA_ALLOWED,Thread 2 AKEA allowed (Y/N),
ZCH_DETAN_BOMQTY_PRELOADCPL,BOM quantity preload coupler,
ZCH_BRACKET_BENDING,Gusset bending,
ZCH_HBS05_Y1,Bending measure y1,
ZCH_DURA_B_TYPE_NEW,Basket type,
ZCH_DURA_SH_NORM_EXPERT,Norm (U) / Expertise (E),
ZCH_C500AB_BRACKET_DIM_B_CHAR,Bracket Dim B Character,
ZCH_DS_MATERIAL,DS Material,
ZCH_DETAN_MATERIAL,Detan material,
ZCH_HBT_BAR_DIAMETER_MAIN,Bar diameter [mm]:,
ZCH_HBS05_DBR,Diameter bending roll (dBr),
ZCH_DETAN_MD_THREAD2_LR,Mat Descr. Transl. Thread2 L/R,
ZCH_DETAN_ROD_LMIN,Detan rod L min,
ZCH_DETAN_ROD_LENGTH_RANGE,Length range,
ZCH_HBT_BENDING_DIAM3,Bending diameter 3,
ZCH_DETAN_ROD_LSYS,Detan rod system length,
ZCH_DETAN_MD_TXT_LROD1,Mat Descr.Transl. FixTxt LRod1,
ZCH_BRACKET_PR_PL_TYPE,(BR) Pressure plate type,
ZCH_DETAN_LSYS3_RANGE,Range system length 3 (mm),
ZCH_CS960_BRACKET_DIM_A,Bracket dimension a [mm],
ZCH_HBS05_LENGTH_LMIN,L min Length,
ZCH_HBS05_DIAM_STR3,HBS05 Diameter String,
ZCH_HIT_TYPE1,HIT TYPE SHORT,
ZCH_HBT_TEXT2,LUE MIN/MAX INFO:,
ZCH_CS960_SURCHARGE_UNROLL_2,Surcharge unrolling 2,
ZCH_DETAN_MD_C1,Mat Descr. Transl. Coupler,
ZCH_BRSA4_DRAWING,Dimensions (drawing),
ZCH_DURA_B_SPEC_H_NEW,Basket height > 1600 mm,
ZCH_DURA_B_HEIGHT_CHAR,Height in Character,
ZCH_DURA_SH_ASSEMBY_TIME,Assembly time [min],
ZCH_HBT_BAR_QUAL,Material quality:,
ZCH_DETAN_SYSEND1_LTHR_RANGE,Thread length range (Sys End1),
ZCH_DETAN_ROD_ASSEMBLED,Detan rod assembled,
ZCH_DETAN_ROD3_BAREND2,Rod 3 BarEnd2,
ZCH_ARBO_SEL_SHEAR_P,Select Shear plate,
ZCH_HSCB_B500NR_LENGTH,Bar length (mm),
ZCH_DETAN_ROD_LDEFAULT_THREAD2,Thread2 L default,
ZCH_ORSOB_BRACKET_15D,15D,
ZCH_DETAN_MD_C4Q,Mat Descr.Trans. Qty Cross Cpl,
ZCH_DETAN_ROD2_LMAX,Detan rod 2 L max,
ZCH_BRACKET_TYPE_FK5,FK5 type,
ZCH_LY_HDB_L05,Stud dimension 5 [mm],
ZCH_DETAN_ROD_LTHREADR1,Rod thread length right,
ZCH_LY_HDB_DIAM_CHAR,HDB Stud ø [mm] char,
ZCH_HW_BRACE_A_L,(HW-L) BRACE - A dimension,
ZCH_DETAN_LSYS4_RANGE,Range system length 4 (mm),
ZCH_FK5_SURFACE,Element surface FK5,
ZCH_HM_HIERARCHY,LEVIAT Hierarchy Level,
ZCH_HK_HW_PUNCH,Punch angle (?),
ZCH_DURA_SH_HEB_H2,HEB h2 [mm],
ZCH_HK_BACK_PL,Back plate/angle,
ZCH_HBS05TPL_HOLESPACE,TPL Hole Space (cm),
ZCH_HDB_L04,Stud dimension 4,
ZCH_HK_SIDE_PL_L_WIDTH,Left side plate width,
ZCH_HBS05_BAR_DESIGN,Bar design,
ZCH_DETAN_ROD_TEXT,Detan rod text,
ZCH_DETAN_MD_TXT_LROD2,Mat Descr.Transl. FixTxt LRod2,
ZCH_HBT_BAR_TYPE_MAIN,Bar type:,
ZCH_HBS05_MD_BAREND2,MatDescr HBS05 Bar End2,
ZCH_DURA_SH_NOTE_WS_YN_2,Weld seam INVALID y/n 2,
ZCH_DETAN_COUPLERDESIGN3,Coupler design 3,
ZCH_DETAN_MD_C2,Mat Descr.Trans.Coupler w. lug,
ZCH_BRACKET_K1,K1 dimension,
ZCH_HIT_MARKER,HIT MARKER ARTERN OR NOWE,
ZCH_HBT_BAR_SPACING_MAIN,Bar spacing [cm]:,
ZCH_HK_SIDE_PL_L_LENGTH,Left side plate length,
ZCH_C500AB_HIDE_CHAR_01,Hide 1,
ZCH_HBS05_Y2,Bending measure y2,
ZCH_DETAN_ROD4_BAREND1,Rod 4 BarEnd1,
ZCH_HDB_LUE_MIN,LUE min,
ZCH_HBS05_MD_LENGTH_BEF_BEND,MatDescr HBS Lgth bef. bending,
ZCH_DETAN_TYPE,Detan type,
ZCH_DURA_SH_OUTER_DIM,Outer dimension [cm],
ZCH_DETAN_ROD_WEIGHT_KG,Detan rod weight kg,
ZCH_LY_HDB_L04,Stud dimension 4 [mm],
ZCH_DETAN_ROD4_DESIGN,Rod 4 Design,
ZCH_DETAN_ROD4_WEIGHT,Detan Rod 4 weight (kg),
ZCH_C500AB_BRACKET_DIM_B,Bracket dimension b [mm],
ZCH_DETAN_ROD_LMAX_THREAD2,Thread2 L max,
ZCH_DETAN_LSYS3,System length 3 (mm),
ZCH_HDB_STD_LA_MM,Standard la (mm),
ZCH_HDB_MATDESCR_INT,HDB Material description,
ZCH_HK_BACK_PL_PRESS_TYPE,(BP) Pressure plate type,
ZCH_HIT_BASE_FOR_LABEL,HIT BASE FOR LABEL CHARAC,
ZCH_DETAN_BOMQTY_FLATSEALPAPER,BOM quantity flatseal (paper),
ZCH_DETAN_MD_LTH1,Mat Desc.Trans. length thread1,
ZCH_C500AB_MODEL,Model,
ZCH_DURA_B_SPEC_HEIGHT,Basket height > 1600 mm,
ZCH_DURA_SH_MODEL_CHAR,Steelhead model,
ZCH_DURA_SH_WELD_TIME_2,Welding time C [mm/min],
ZCH_HBT_H_MAIN,H = [mm]:,
ZCH_DURA_B_WT_10,Weight ø10mm,
ZCH_DETAN_ROD1_DESIGN,Rod 1 Design,
ZCH_DETAN_VERSIONNUM,Detan version number,
ZCH_BR_PRESSURE_PLATE_QUAL,(BR) Pressure plate mat. qual.,
ZCH_HSCB_LENGTH,Bar length (mm),
ZCH_DETAN_ROD1_BAREND2,Rod 1 BarEnd2,
ZCH_ORSOB_CS_FORM,Cross Section Form,
ZCH_DETAN_ROD_NUM,Detan rod number,
ZCH_DURA_SH_PL_QTY_4,Plate quantity 4,
ZCH_DETAN_ROD1_BAREND1,Rod 1 BarEnd1,
ZCH_ORSO_IMPACT_QDY,Impact Qdy,
ZCH_HBS05_MD_BAREND1,MatDescr HBS05 Bar End1,
ZCH_ORSOB_HOLE_DIAM_GE_T_2,Hole diam. GE to Plate th. 2,
ZCH_LY_HDB_CONCATENATE_2,concatenate values 2,
ZCH_DETAN_ROD_NUMTHREADS,Number threads DETAN rod,
ZCH_HBS05_DIAM2,Bar diameter 2,
ZCH_LY_HDB_L01,Stud dimension 1 [mm],
ZCH_OPR_TEXT_10,Additional Text 10,
ZCH_DURA_SH_OUTER_DIM_CHAR,Outer dim. in Char,
ZCH_HK_BACK_PL_B,Back plate/angle proj. - c,
ZCH_HSCB_B500NR_TYPE_DESCRIPT,HSC-B B500NR type description,
ZCH_HSC_TYPE,HSC type,
ZCH_NS_NOTE_3,Allowed dim. for C,
ZCH_HBT_LUX_MAX_G2,LUE MAX group 2 variable,
ZCH_DETAN_TYPE_D,Detan type (detailed),
ZCH_DETAN_MD_TXT_LROD4,Mat Descr.Transl. FixTxt LRod4,
ZCH_HBT_BENDING_DIAM2,Bending diameter 2,
ZCH_LY_HDB_L02,Stud dimension 2 [mm],
ZCH_HBS05_MD_TYPEDESCR2,MatDescr HBS05 TypeDescrip. 2,
ZCH_HBS05_X,Bending measure x,
ZCH_DETAN_ROD2_LENGTH,Detan rod 2 length,
ZCH_DETAN_MD_ASSEMBLED,Mat Descr. Transl. Assembled,
ZCH_HIT_MVX_TB_CUTTING,TB CUTTING FROM 100,
ZCH_HBT_HEIGHT_MAIN,Profil height [mm]:,
ZCH_HW_BRACE,Angle brace (?),
ZCH_DETAN_MD_C2Q,Mat Descr. Trans. Qty Cpl. Lug,
ZCH_HBS05BOX_LENGTH_RANGE,BOX length range,
ZCH_DURA_SH_WELD_T_BW,Welding time BW [min],
ZCH_HDB_MATDESCR2_INT,HDB Material description line2,
ZCH_HBS05_Y2_LMIN,L min y2,
ZCH_DURA_SH_PL_QTY,Plate quantity 1,
ZCH_HDB_L11,Stud dimension 11,
ZCH_DETAN_RODTEXT2,Text rod 2,
ZCH_OPR_FOR_TEXT_07,Operation for Text 07,
ZCH_FK5_WEIGHT,Element weight FK5,
ZCH_DURA_SH_P_QTY,No. of welds (periphery),
ZCH_CS960_BRACKET_DIM_B,Bracket dimension b [mm],
ZCH_FK5_KOMO,KOMO Certificate,
ZCH_HBS05_STDLENGTH2,HBS Standard length 2 (mm),
ZCH_HK_BACK_PL_PRESS_PUNCH,(BP) Pressure plate punch?,
ZCH_HIT_FK_COR,HIT FK COR,
ZCH_HSCB_TYPE_DESCRIPTION,HSC-B type description,
ZCH_HW_NL,Notch left?,
ZCH_DETAN_MD_MATASSEMBLY,MatDesc.Trans.MaterialAssembly,
ZCH_DETAN_MD_LTHREAD1,Mat Desc.Trans. length thread1,
ZCH_DETAN_ROD_THREAD_BAREND1,LThread Bar end 1,
ZCH_HBT_TYPE_MAIN,HBT type:,
ZCH_DURA_SH_STEELHEAD_MODEL,Steelhead model,
ZCH_HBS05_LENGTH,Bar length,
ZCH_HIT_HEIGHT,HEIGHT OF HIT,
ZCH_DURA_SH_PL_QTY_2,Plate quantity 2,
ZCH_DETAN_ROD4_BAREND2,Rod 4 BarEnd2,
ZCH_DS_DIAM,DS-GWA Diameter,
ZCH_COMP2_WEIGHT_G,Component2 weight (g),
ZCH_HW_BRACE_QUAL_L,(HW-L) BRACE quality,
ZCH_DETAN_ROD2_BAREND2,Rod 2 BarEnd2,
ZCH_ORSOB_PO_PRC_VAR,Various components (prc),
ZCH_DETAN_ROD_THREAD_BAREND2,LThread Bar end 2,
ZCH_HBT_TEXT4,H MIN INFO:,
ZCH_HBT_BAR_QTY,Number of bars:,
ZCH_ORSO_V_SEL_PLASMA_3,Select Plasma 3,
ZCH_HBS05_V,Increment meas. v (10-500 mm),
ZCH_PLASMA_HIDE_16,Hide 16,
ZCH_MAT_WEIGHT_G,Material weight (g),
ZCH_DURA_SH_WS_WPS,Weld seams WPS,
ZCH_HBS05_STD_RANGE_SEL,HBS05 Std bar range selection,
ZCH_NS_MEASURE_L_MT,Measure L [m],
ZCH_OPR_TEXT_14,Additional Text 14,
ZCH_HBS05_X2_LMIN,L min x2,
ZCH_HK_HW_LENGTH,Angle length,
ZCH_ORSOV_OUTER_TUBE_T,Outer Tube Thickness [mm],
ZCH_HSCB_B500NR_X_LMIN,L min x (mm),
ZCH_ORSO_FIRE_RESIST,Fire Resistance,
ZCH_HDB_MATDESCR3_INT,HDB Material description line3,
ZCH_DURA_SH_OPERATION,Plate operation,
ZCH_DETAN_ROD_BOMQTY,Detan rod BOM quantity,
ZCH_HIT_QS_TYPE,Shearbar type,
ZCH_MAT_DESCRIPTION1,Internal Material Description,
ZCH_HDB_L03,Stud dimension 3,
ZCH_HBS05BOX_BARTYPE,Bar type,
ZCH_DETAN_ROD3_LMIN,Detan rod 3 L min,
ZCH_DETAN_ROD1_LMIN,Detan rod 1 L min,
ZCH_HK_SIDE_ANGLE_R_LENGTH,R angle length,
ZCH_HDB_L02,Stud dimension 2,
ZCH_OPR_TEXT_06,Additional Text 06,
ZCH_DETAN_ROD_LMAX_THREAD,Thread L max,
ZCH_HDB_STANDARD_YN,Standard realization Y/N,
ZCH_DURA_SH_WELD_TIME,Welding time P [mm/min],
ZCH_HIT_BLOCK_PRODSITE_YN,HIT Block Production site Y/N,
ZCH_HBS05TPL_HOLEQUANT,TPL Hole Quantity (pcs),
ZCH_HBS05_PQTY_WELDING,HBS05 Pers. Quantity Welding,
ZCH_HIT_MVX_OX,Wall thickness [mm],
ZCH_HBS05_LENGTH_RANGE,Length range,
ZCH_OPR_FOR_TEXT_15,Operation for Text 15,
ZCH_HW_BRACE_A_R,(HW-R) BRACE - A dimension,
ZCH_DURA_SH_WELD_MEASUR_T,Measurement time [min],
ZCH_DETAN_ROD2_WEIGHT,Detan Rod 2 weight (kg),
ZCH_HK_ANGLE_WELD,Weld length (angle to bracket),
ZCH_HBS05TPL_HOLEPATTERN,TPL Hole Pattern,
ZCH_HK_V,V measure,
ZCH_HSCB_SLEEVEVERSION,HSC-B Sleeve Version,
ZCH_HW_BRACE_TYPE,(HW) BRACE type,
ZCH_ORSO_OUTER_DIM_AY_CHAR,Outer dim Ay Char,
ZCH_DETAN_ROD2_BAREND1,Rod 2 BarEnd1,
ZCH_DETAN_MD_TXT_LSYS,Mat Descr. Transl. FixTxt LSYS,
ZCH_HBT_LUE_MAIN,Lue = [mm],
ZCH_HK_BACK_PL_PRESS_W,(BP) Pressure plate width,
ZCH_FK5_GALVANIZE_WHERE,Where galvanization,
ZCH_HBS05TPL_LENGTH,TPL Length (mm),
ZCH_HSC_LENGTH_LMAX,L max length,
ZCH_DURA_SH_PL_SEL_2,Select Plasma 2,
ZCH_HDB_L01,Stud dimension 1,
ZCH_DURA_SH_PL_SEL_4,Select Plasma 4,
ZCH_DETAN_LSYS1_RANGE,Range system length 1 (mm),
ZCH_ORSO_OUTER_DIM_AZ_CHAR,Outer dim Az Char,
ZCH_DETAN_ROD4_LENGTH,Detan rod 4 length,
ZCH_PLASMA_HIDE_15,Hide 15,
ZCH_DURA_SH_PROF_SIZE,Profil size [mm],
ZCH_MAT_WEIGHT_PER_UNIT_PROG,Material Weight Per Unit-Prog,
ZCH_HBT_BAR_TOTAL_LENGTH,HBT BAR total length [mm],
ZCH_ORSOB_PO_PRC_RE_LONG,Reinf. long. (prc),
ZCH_HBS05_Y1_LMIN,L min y1,
ZCH_RS_KG_PER_MM,[kg/mm ],
ZCH_ORSOB_BRACKET_NO,Number of Brackets,
ZCH_HBT_LENGTH,Length [mm]:,
ZCH_HBS05TPL_PROFILE,TPL Profile,
ZCH_OPR_FOR_TEXT_09,Operation for Text 09,
ZCH_ORSO_H_DETAIL,Head Detail,
ZCH_HDB_DIAM,HDB stud diameter,
ZCH_HK_K,K measure,
ZCH_HSCB_X_LMIN,L min x (mm),
ZCH_ORSO_QTY,Quantity [ea],
ZCH_HW_BRACE_TH_R,(HW-R) BRACE thickness,
ZCH_HBS05BOX_BARSPACE,Bar space (displayed in cm),
ZCH_DETAN_ROD_LDEFAULT_THREAD,Thread L default,
ZCH_LY_HDB_L07,Stud dimension 7 [mm],
ZCH_MAT_DESCRIPTION2,Internal Material Description,
ZCH_HDB_STD_LUE_MM,Standard lue (mm),
ZCH_HIT_CON_COV,HIT CONCRETE COVER,
ZCH_DETAN_SUBMEAS2_ASSEMBLY,Detan Submeasure 2 Assembly,
ZCH_DETAN_ROD1_WEIGHT,Detan Rod 1 weight (kg),
ZCH_HM_LENGTH,HM/HZM Length (mm),
ZCH_HIT_VARRIANT,Varriant of HIT,
ZCH_ORSOB_BRACKET_L,Bracket length [mm],
ZCH_DETAN_SYSTEM_YN,Detan system Y/N,
ZCH_HIT_DB_HEIGHT_I_2,HEIGHT OF DB 2,
ZCH_HBS05_X1,Bending measure x1,
ZCH_HIT_TB_HEIGHT_I,HEIGHT OF TB,
ZCH_HDB_L07,Stud dimension 7,
ZCH_HBS05_STDLENGTH1,HBS Standard length 1 (mm),
ZCH_LY_HDB_LENGTH,HDB Length [mm],
ZCH_HBS05_X1_LMIN,L min x1,
ZCH_OPR_TEXT_02,Additional Text 02,
ZCH_HW_C,angle height - c,
ZCH_DURA_SH_WS_WPS_2,Weld seams WPS 2,
ZCH_DETAN_ROD3_BAREND1,Rod 3 BarEnd1,
ZCH_HK_BACK_PL_PRESS_H,(BP) Pressure plate height,
ZCH_HBT_LUX_MAX_G,LUE MAX main group variable,
ZCH_HSC_LENGTH_LMIN,L min Length,
ZCH_HSCB_TYPE,HSC-B type,
ZCH_LY_HDB_LENGTH_REMAINDER,Length remainder,
ZCH_ORSOB_HEAD_UK_PLATE_WT,Weight head UK-plate [kg],
ZCH_DETAN_ROD3_DESIGN,Rod 3 Design,
ZCH_DETAN_ROD_LTHREADL1,Rod thread length left,
ZCH_HDB_STD_LENGTH3_MM,Standard length 3 (mm),
ZCH_LY_HDB_HEIGHT_CHAR,HDB Height [mm] char,
ZCH_HBS05_BAREND1,HBS Bar End 1,
ZCH_HDB_L04_NDEF,Stud dimension 4 (no range),
ZCH_HSCB_B500NR_LMAX,L max Length,
ZCH_HK_BACK_PL_PRESS_QTY,(BP) Pressure plate quantity,
ZCH_HDB_STUDQTY,Number of studs,
ZCH_DURA_SH_PROF_KG_MM,Profile [kg/mm],
ZCH_DETAN_ROD2_DESIGN,Rod 2 Design,
ZCH_ORSO_ROOM_HEIGHT,Room Height [mm],
ZCH_DETAN_SYSEND1_LTHREADL,Sys End 1 thread length left,
ZCH_SPFA_HEIGHT,Height h (mm),
ZCH_HBS05_BRAND,Product brand,
ZCH_NS_NOTE_2,Allowed dim. for B,
ZCH_HK_HW_TYPE,Angle type,
ZCH_ORSOV_STEEL_CORE_MAT,Steel Core Material,
ZCH_HDB_STD_LENGTH2_MM,Standard length 2 (mm),
ZCH_ORSOB_LO_TRANS_W,weld Load trans.,
ZCH_HDB_LENGTH,HDB Length,
ZCH_HK_ALPL_R_QUAL,Right plate material quality,
ZCH_ORSO_CONCRETE_FACT,Concreting factor,
ZCH_ORSOB_F_PLATE_LV_T,Foot LV-plate thickness [mm],
ZCH_MAT_DESCRIPTION1A,Internal Material Description2,
ZCH_HSC_DIAM,Bar diameter (mm),
ZCH_HW_DEVELOP_L,angle developed length,
ZCH_ORSOB_CONC_L2,Concrete length 2 [m],
ZCH_ORSO_CEILING_T_CHAR,Ceiling Thickness to char,
ZCH_HIT_TB_QTY,Tension bar qty,
ZCH_DURA_B_DESC_NEW,Productname,
ZCH_OPR_FOR_TEXT_05,Operation for Text 05,
ZCH_NS_MEASURE_L_CHAR,Measure L to Char,
ZCH_HK_HW_SAND_BLAST,Angle bottom sand blasting (?),
ZCH_HSCB_B500NR_DBR,bending roll diameter (dBr),
ZCH_DURA_SH_C_QTY,No. of welds (center),
ZCH_DETAN_ROD3_WEIGHT,Detan Rod 3 weight (kg),
ZCH_HW_BRACE_B_R,(HW-R) BRACE - B dimension,
ZCH_HK_BACK_PL_PRESS_TH,(BP)Pressure plate thickness,
ZCH_ORSOB_FO_TRANS_ZONE_BOT,Force transm. zone bottom [mm],
ZCH_DURA_SH_HIDE_CHAR_01,Hide 1,
ZCH_OPR_FOR_TEXT_10,Operation for Text 10,
ZCH_HK_L,HK5 element length,
ZCH_HSCB_B500NR_TYPE,HSC-B - B500NR Type,
ZCH_HDB_STUD_TYPE,HDB Stud type,
ZCH_HIT_STWT_LOAD,Load range,
ZCH_LY_HDB_LENGTH_CHAR,HDB Length [mm],
ZCH_HBS05TPL_LENGTHRANGE,Length range,
ZCH_ORSO_RECESS_ON_TOP,Recess On Top [mm],
ZCH_OPR_FOR_TEXT_03,Operation for Text 03,
ZCH_HBS05_BENDANGLE,Exterior bend angle # (1-180°),
ZCH_DETAN_RODTEXT4,Text rod 4,
ZCH_HW_BRACE_B,(HW) BRACE - B dimension,
ZCH_HDB_L06,Stud dimension 6,
ZCH_HSCB_B500NR_LMIN,L min Length,
ZCH_HW_BRACE_TYPE_R,(HW-R) BRACE type,
ZCH_ORSOB_BRACKET_CIRCUMF,Bracket circumference [mm],
ZCH_ORSOV_LOAD_TRANS_KG_PER_MM,Load Transm  [kg/mm],
ZCH_DETAN_ROD3_LMAX,Detan rod 3 L max,
ZCH_DETAN_RODTEXT1,Text rod 1,
ZCH_HIT_CSB_HEIGHT,HEIGHT OF CSB,
ZCH_ORSOB_BRACKET_S_MAX,smax,
ZCH_HDB_LA_MIN,LA min,
ZCH_HDB_L10,Stud dimension 10,
ZCH_HSCB_LENGTH_LMAX,L max Length,
ZCH_ORSO_V_SEL_PLASMA_2,Select Plasma 2,
ZCH_HK_HW_B,Angle projection - b:,
ZCH_HBS05_CUTLENGTH_STDB2,Cut length HBS05-B Std 2 (mm),
ZCH_DURA_SH_WELD_LAY_C,Welding layers center,
ZCH_PRODOPTION_THREAD2_STR,Production Option thread 2,
ZCH_DURA_SH_NOTE_WELD_PL,Welding plates,
ZCH_SPFA_HEIGHT_INT,Height h (mm),
ZCH_HBS05BOX_BRAND,Product Brand,
ZCH_ORSO_NAME,Name,
ZCH_HK_SIDE_PL_R_LENGTH,Right side plate length,
ZCH_PLASMA_HIDE_6,Hide 6,
ZCH_HIT_MVX_CUTTING,CUTTING FROM 100,
ZCH_PLATE_2LENGTH,Plate To length,
ZCH_HK_BACK_PL_QUAL,Back plate/angle mat. qual.,
ZCH_HK_BACK_PL_PRESS_QUAL,(BP) Pressure plate mat. qual.,
ZCH_ORSO_REINF_MAT,Reinforcement Material,
ZCH_ORSOB_WELD_SEAM_FLAT_H,Flat rate weld Head (Yes/No),
ZCH_ORSOB_BRACKET_DIST_BOT,Bracket distance bottom [mm],
ZCH_HSCB_B500NR_DIAM,Bar diameter (mm),
ZCH_LY_HDB_DIAM,HDB Stud ø [mm],
ZCH_ORSO_CONCRETE_WEIGHT,Concrete weight [Liter],
ZCH_HIT_USE_COMP,Use punched component,
ZCH_HBS05BOX_LENGTH,Box length,
ZCH_ORSO_V_BAR_OPERATION,Operation Reinf. bar,
ZCH_ORSO_H_UK_PLATE_L,Head UK-plate length [mm],
ZCH_HSC_LENGTH_RANGE,Length range (mm),
ZCH_HSCB_BEND,HSC-B bended,
ZCH_HBS05_Y,Bending measure y,
ZCH_DURA_B_HEIGHT,Basket height [mm],
ZCH_ORSO_V_PLATE_WT_TOT,Total plate weight [kg],
ZCH_HW_BRACE_B_L,(HW-L) BRACE - B dimension,
ZCH_ORSOB_HOLE_DIAM_GE_T,Hole diam. GE to Plate th.,
ZCH_HIT_QS_QTY,Number of QS,
ZCH_ORSO_H_OK_PLATE_W,Head OK-plate width [mm],
ZCH_HSC_TYPE_DESCRIPTION,HSC type description,
ZCH_HW_BRACE_TH_L,(HW-L) BRACE thickness,
ZCH_HW_PUNCH,punch angle ?,
ZCH_HK_NO_BRACKET,Number of backlegs,
ZCH_ORSO_F_PLATE_T,Foot plate thickness [mm],
ZCH_HBT_LUX_MAX_G3,LUE MAX group 3 variable,
ZCH_ORSOB_PO_PRC_BA_LONG_T,Proces. re. long (prc table),
ZCH_OPR_FOR_TEXT_04,Operation for Text 04,
ZCH_HBS05_X_LMIN,L min x,
ZCH_MAT_WEIGHT_PER_UNIT,Material Weight Per Unit,
ZCH_ORSO_CEILING_T,Ceiling Thickness [mm],
ZCH_HDB_L09,Stud dimension 9,
ZCH_HSCB_LENGTH_LMIN,L min Length,
ZCH_LY_HDB_HEIGHT,HDB stud height [mm],
ZCH_ORSOB_LO_TRANS_L,Load transm. length [mm],
ZCH_PLASMA_PLATE_WEIGHT_3,Plate weight 3 [kg],
ZCH_HBS05_MD_LENGTH,MatDescr HBS05 Length,
ZCH_HBS05_CUTLENGTH_STDB1,Cut length HBS05-B Std 1 (mm),
ZCH_HM_PROFILE,HM/HZM Profile,
ZCH_ORSOV_STD_PLATE_W,Standard plate width [mm],
ZCH_HDB_TYPE,HDB type,
ZCH_HSCB_B500NR_Y,Bending measure y (mm),
ZCH_LY_HDB_TYPE,HDB type (-G/-S/-N),
ZCH_ORSOB_FOOT_PLATE_LV_WT,Weight foot LV-plate [kg],
ZCH_HK_HW_FK5,Angle for FK5,
ZCH_HBS05_DIAM,Bar diameter,
ZCH_HBT_LUX_MAX_G1,LUE MAX group 1 variable,
ZCH_DURA_SH_WELD_LAY_P,Welding layers periphery,
ZCH_SUBMEASURE2_MM,Subtraction measure 2 (mm),
ZCH_HBS05TPL_BRAND,Product Brand,
ZCH_ORSO_REINF_NSB,nsb,
ZCH_HW_TYPE,angle type,
ZCH_REINF_LS_BEND_FIX,Bend or Fix,
ZCH_HK_SIDE_PL_R_WIDTH,Right side plate width,
ZCH_SUPPORT_PLATE_LENGTH,Support plate length,
ZCH_NS_AREA_M2,Area [m2],
ZCH_HK_HK_END_R,Right side design,
ZCH_ORSOB_BRACKET_DIAM,Bracket diameter [mm],
ZCH_ORSOV_INNER_TUBE_AZ,Inner Tube Az [mm],
ZCH_ORSOB_F_PLATE_LV_W,Foot LV-plate width [mm],
ZCH_HSCB_DIAM,Bar diameter (mm),
ZCH_OPR_TEXT_11,Additional Text 11,
ZCH_ORSO_LO_TRANS_DIAM,Load Transm. Diameter [mm],
ZCH_HK_ALPL_L_QUAL,Left plate material quality,
ZCH_HBT_PROFIL_SD_MAIN,Profile single/double holes:,
ZCH_ORSOB_PO_PRC_BA_BRAC,Proces. bracket (prc),
ZCH_ORSOB_BRACKET_S_MAX_2,smax 2,
ZCH_HSC_WELD,welding allowed ?,
ZCH_HSCB_DBR,bending roll diameter (dBr),
ZCH_HBS05BOX_BARQTY_MAX,Max bar quantity,
ZCH_DURA_B_HEIGHT_NEW,Basket height [mm],
ZCH_ORSOB_TOT_PLATE_WT,Total plate weight [kg],
ZCH_HW_WEIGHT,Weight of HW plate,
ZCH_ORSOV_COMP_STR10_1,ORSO-V Component String 1,
ZCH_HK_HW_HOLES_NO1,Number of holes,
ZCH_ORSO_H_UK_PLATE_W,Head UK-plate width [mm],
ZCH_LY_HDB_STUD_QTY_CHAR,Number of studs [EA] char,
ZCH_ORSO_OUTER_DIM_AY_ROUND,Outer dimension Ay (round),
ZCH_LY_HDB_L09,Stud dimension 9 [mm],
ZCH_ORSOV_OUTER_TUBE_T_ROUND,Outer Tube Thickness Round,
ZCH_ORSOB_CENT_DOWEL_WT,Centering dowel weight [kg],
ZCH_HSC_STDLENGTH,HSC Standard length (mm),
ZCH_STEEL_PLATE_L_CHAR,Plate length to char,
ZCH_OPR_FOR_TEXT_06,Operation for Text 06,
ZCH_HSCB_B500NR_BENDANGLE,Exterior bend angle # (1-180°),
ZCH_ORSO_FOOT_PLATE_WT,Weight foot plate [kg],
ZCH_ORSOB_BRACKET_100,Value 100,
ZCH_HDB_LUE,LUE measure,
ZCH_NS_TYPE,NELL Silent type,
ZCH_ORSO_REINF_DS,Reinforcement diameter [mm],
ZCH_ORSOV_CORE_L,Core length [mm],
ZCH_SO_ITEM_PROD_HIERARCHY1,SO item prod hierarchy,ProductHierarchy
ZCH_SO_ITEM_PROD_HIERARCHY,SO item prod hierarchy,ProductHierarchy
ZCH_HBS05_MD_TYPEDESCR,MatDescr HBS05 TypeDescription,
ZCH_HBS05BOX_BARQTY,Bar quantity,
ZCH_LY_HDB_RESULT_STR_CS,Value String (Case sensitive),
ZCH_HIT_QS_DIAM,Shearbar diameter,
ZCH_HSCB_Y,Bending measure y (mm),
ZCH_OPR_TEXT_01,Additional Text 01,
ZCH_ORSOV_OUTER_TUBE_L_MT,Outer tube length [m],
ZCH_HW_FK5,angle for FK5,
ZCH_HBS05_TYPE,HBS05 type,
ZCH_HBT_TEXT5,B MIN INFO:,
ZCH_FK5_COATING,Coating ?,
ZCH_HDB_BRAND,Product brand,
ZCH_ORSOB_PO_PRC_CONC_LAB,Labour Concrete (prc),
ZCH_MAT_WEIGHT_PER_UNIT_ADD,Material Weight Per Unit (Add),
ZCH_HSC_FORGADD,Admission Forging HSC (mm),
ZCH_WDI_MATERIAL,WDI Material,
ZCH_NS_MEASURE_L,Measure L [mm],
ZCH_HK_HW_QUAL,Angle material quality,
ZCH_ORSOB_BURN_HOLE,Burn hole Head OK-plate,
ZCH_PLASMA_4_PLATE_T,Plate thickness 4 [mm],
ZCH_ORSOB_WELD_SEAM_F_PL_L,F-plate weld seam length [mm],
ZCH_HW_BRACE_TYPE_L,(HW-L) BRACE type,
ZCH_ORSOV_CORE_AZ,Core Az [mm],
ZCH_ORSOB_BRACKET,Bracket for prc,
ZCH_HK_SIDE_ANGLE_L_LENGTH,Left angle length,
ZCH_HDB_L05,Stud dimension 5,
ZCH_ORSOB_PO_PRC_BA_LONG,Proces. re. long (prc),
ZCH_ORSOB_H_OK_FORM,Head OK plate form,
ZCH_HSCB_B500NR_LENGTH_RANGE,Length range (mm),
ZCH_MAT_WEIGHT_ADD,Material Weight (Add),
ZCH_HBT_TEXT1,BARS MAX NUMBER INFO:,
ZCH_DURA_B_NOTE_HEIGHT,Info Cage height,
ZCH_ORSOB_WELD_SEAM_F_PL_L_M,F-plate weld seam length [m],
ZCH_OPR_TEXT_08,Additional Text 08,
ZCH_PLASMA_HIDE_9,Hide 9,
ZCH_HW_HOLES_NO1,number of holes,
ZCH_ORSOB_BURN_HOLE_2,Burn hole Foot LV-plate,
ZCH_ORSO_H_OK_PLATE_L,Head OK-plate length [mm],
ZCH_NS_HIDE_CHAR_3,Hide measure C,
ZCH_ORSOB_F_PLATE_LV_FRM,Foot LV-plate form,
ZCH_HSCB_B500NR_X,Bending measure x (mm),
ZCH_ORSOV_CORE_L_CHAR,Core L in Char,
ZCH_HSCB_BENDANGLE,Exterior bend angle # (1-180°),
ZCH_ORSOB_BRACKET_NO_2,Number of Brackets 2,
ZCH_ORSOB_HEAD_OK_PLATE_WT,Weight head OK-plate [kg],
ZCH_HW_MR,Mitre right?,
ZCH_ORSOB_BRACKET_DIST_MID,Bracket distance middle [mm],
ZCH_ORSOV_OUTER_TUBE_T_CHAR,Outer Tube Thickness Char,
ZCH_PO_PRICE_CONDITION_T,Variant Condition PO for Table,
ZCH_SPFA_WIDTH,Width (mm),
ZCH_HK_ALPL_R_TH,Right plate thickness,
ZCH_HBT_B_MAIN,B = [mm]:,
ZCH_NS_DESCRIPTION,Material Description Row 1,
ZCH_LY_HDB_CONCATENATE,concatenate values,
ZCH_MAT_DESCRIPTION,Material Description,
ZCH_ORSOB_BRACKET_S_MAX_4,smax 4,
ZCH_RS_DIAM_CHAR,Diameter in CHAR,
ZCH_ORDERQTY_NOFIELDREL,Order quantity,
ZCH_HBS05_Y_LMIN,L min y,
ZCH_HM_MATERIAL,HM/HZM Material,
ZCH_HBS05_BAREND2,HBS Bar End 2,
ZCH_HIT_BRAND,Product brand,
ZCH_ORSOV_F_PLATE_L,Foot plate length [mm],
ZCH_OPR_FOR_TEXT_08,Operation for Text 08,
ZCH_HW_BRACE_TH,(HW) BRACE thickness,
ZCH_ORSO_CONCRETE_BASE_TIME,Concreting base time [min],
ZCH_HW_QUAL1,angle material quality,
ZCH_ORSOB_FO_TRANS_ZONE_TOP,Force transm. zone top [mm],
ZCH_ORSOV_CORE_SHAPE,Core Shape,
ZCH_HW_LENGTH,angle length,
ZCH_ORSOV_STD_PLATE_L,Standard plate length [mm],
ZCH_ORSOB_PO_PRC_CONC_LAB_T,Labour Concrete (prc table),
ZCH_HW_BRACE_L,(HW-L) BRACE,
ZCH_MAT_WEIGHT_PROG,Material Weight - Prog,
ZCH_ORSOB_PO_PRC_CONC_FMW,Formwork (prc),
ZCH_RS_DESCRIPTION_2,Material Description Row 2,
ZCH_HSCB_LENGTH_RANGE,Length range (mm),
ZCH_OPR_FOR_TEXT_13,Operation for Text 13,
ZCH_HK5_WEIGHT,Element weight HK5,
ZCH_DURA_SH_CODE_2,Code 2,
ZCH_ORSOV_F_PLATE_W,Foot plate width [mm],
ZCH_ORSOB_PO_PRC_RE_LO_W_T,Weld Reinf. long. (prc table),
ZCH_SD_TYPE,Type,
ZCH_ORSOB_H_PLATE_T,Head plate thickness [mm],
ZCH_ORSO_LO_TRANS_DIAM_CHAR,Load transm. diameter in char,
ZCH_ORSO_IMPACT_QDZ,Impact Qdz,
ZCH_ORSOB_WELD_SEAM_FLAT_F,Flat rate weld Foot (Yes/No),
ZCH_HSCB_STDLENGTH,HSC Standard length (mm),
ZCH_ORSOV_H_HOLE_DIAM,Head hole diameter [mm],
ZCH_LY_HDB_STUD_SPACING,Stud spacing (LA1/LA2/.../LAN),
ZCH_ORSOB_BRACKET_S_MAX_3,smax 3,
ZCH_ORSOB_WELD_SEAM_H_PL_L,H-plate weld seam length [mm],
ZCH_ORSO_COLUMN_L,Column length [mm],
ZCH_ORSOB_PO_PRC_ALPHA,Drawing Alphabeton (prc),
ZCH_REINFSTEEL_LENGTH,Steel length [mm],
ZCH_PO_PRICE_CONDITION_T_2,Variant Condition PO for Table,
ZCH_TPAHDG_LENGTHD,TPA FV Length d (mm),
ZCH_HW_ML,Mitre left?,
ZCH_HBT_BENDING_DIAM1,Bending diameter 1,
ZCH_ORSO_MODEL,Model,
ZCH_OPR_TEXT_12,Additional Text 12,
ZCH_ORSOB_MAT_DESC,Material Description,
ZCH_ORSOB_PO_PRC_RE_BRAC_T,Reinf. bracket (prc table),
ZCH_ORSO_H_OK_PLATE_T,Head OK-plate thickness [mm],
ZCH_HK_HW_C,Angle height - c:,
ZCH_NS_MEASURE_A,Measure A [mm],
ZCH_HBS05_X2,Bending measure x2,
ZCH_HK_BACK_PL_C,Back plate/angle height - e,
ZCH_PLASMA_PLATE_W,Plate width [mm],
ZCH_ORSO_OUTER_DIM_AY,Outer dimension Ay [mm],
ZCH_LY_HDB_L06,Stud dimension 6 [mm],
ZCH_ORSO_DRAWING_NO,Drawing No.,
ZCH_LY_HDB_STUD_QTY,Number of studs [EA],
ZCH_PLASMA_PLATE_WEIGHT,Plate weight 1 [kg],
ZCH_HW_NR,Notch right?,
ZCH_PLASMA_3_PLATE_W,Plate width 3 [mm],
ZCH_ORSOB_PO_PRC_RE_LO_C_T,Cut Reinf. long. (prc table),
ZCH_NS_NOTE_1,Allowed dim. for A,
ZCH_NS_HIDE_CHAR_2,Hide measure B,
ZCH_ORSOV_OUTER_TUBE_MAT,Outer Tube Material,
ZCH_HSCB_WELD,welding allowed ?,
ZCH_OPR_FOR_TEXT_14,Operation for Text 14,
ZCH_LY_HDB_L03,Stud dimension 3 [mm],
ZCH_HDB_L08,Stud dimension 8,
ZCH_ORSOV_INNER_TUBE_AY,Inner Tube Ay [mm],
ZCH_ORSOV_CORE_AZ_CHAR,Core Az in Char,
ZCH_SLS_ORDERQTY,Sales order quantity,
ZCH_PLASMA_3_FORM,Sheet plate form 3,
ZCH_ORSO_STD_TYPE,Standard type,
ZCH_ORSOB_BASKET_WORK_WT,Weight basket work [kg],
ZCH_ORSOV_CENT_DOWEL_WT,Centering Dowel weight [kg],
ZCH_HSCB_X,Bending measure x (mm),
ZCH_SO_ITEM_GROSSWEIGHT,Gross Weight of the Item,
ZCH_LY_HDB_STUD_WT,Stud weight [kg],
ZCH_ORSOB_CONC_LITER,Concrete [Liter],
ZCH_ORSOV_INNER_TUBE_MAT,Inner Tube Material,
ZCH_ORSO_REINF_NSH,nsh,
ZCH_PRODUCTIONOPTION_STR,Production Option,
ZCH_RESULT_INT,Value Integer,
ZCH_PO_PRICE_CONDITION_T_3,Variant Condition PO for Table,
ZCH_ORSO_LO_TRANS_NO,Load Transm. Number,
ZCH_HBT_BOX_DEPTH_MAIN,Box depth [mm]:,
ZCH_ORSOV_CONC_SUP_PLAST,Superplasticizer [kg],
ZCH_ORSO_OUTER_DIM_AZ,Outer dimension Az [mm],
ZCH_ORSOB_PO_PRC_DOWEL_T,Dowel (prc table),
ZCH_PRESSURE_PLATE_PUNCH,Pressure plate punch?,
ZCH_ORSO_H_UK_FORM,Head UK-Plate form,
ZCH_HW_BRACE_A,(HW) BRACE - A dimension,
ZCH_ORSOB_REINF_LONGIT_C,Cut Long. reinforcement,
ZCH_HIT_DB_HEIGHT_I,HEIGHT OF DB,
ZCH_HK_HW_TH,Angle thickness,
ZCH_SS_PL_W,Plate width [mm],
ZCH_ORSOB_PO_PRC_DOWEL,Dowel (prc),
ZCH_LY_HDB_L08,Stud dimension 8 [mm],
ZCH_ORSO_WELD_FACT,Welding factor,
ZCH_OPR_TEXT_05,Additional Text 05,
ZCH_REINF_LS_MACH_MIN,Machine time [min],
ZCH_PLASMA_HIDE_2,Hide 2,
ZCH_PLASMA_FORM,Sheet plate form,
ZCH_REINF_BEND_Y_N,Bending (Yes / No),
ZCH_OPR_TEXT_13,Additional Text 13,
ZCH_OPR_TEXT_15,Additional Text 15,
ZCH_HW_BRACE_QUAL_R,(HW-R) BRACE quality,
ZCH_ORSOB_PO_PRC_ALPHA_T,Drawing Alphabeton (prc table),
ZCH_OPR_FOR_TEXT_02,Operation for Text 02,
ZCH_HK_ALPL_L_TH,Left plate thickness,
ZCH_PLASMA_HIDE_14,Hide 14,
ZCH_PLASMA_PLATE_WEIGHT_2,Plate weight 2 [kg],
ZCH_SPFA_TYPE,Type,
ZCH_PLASMA_HIDE_1,Hide 1,
ZCH_ORSOB_LO_TRANS_WT,Weight Load transm. [kg],
ZCH_ORSOB_BRACKET_S_MIN,smin,
ZCH_ORSOV_F_PLATE_FORM,Foot Plate form,
ZCH_LEADTIME_DAYS,Target lead time (days),
ZCH_TMP_VAR_STR,Temp variable string30,
ZCH_ORSO_CONCRETE,Concrete,
ZCH_ORSOB_PO_PRC_RE_LONG_T,Reinf. long. (prc table),
ZCH_RESULT_STR,Value String,
ZCH_ORSOB_COL_LENGTH,Column length [mm],
ZCH_REINFSTEEL_NUMTHREADS,Number threads reinf. steel,
ZCH_TPAHDG_MATERIAL,TPA FV Material,
ZCH_PO_PRICE_CONDITION_T_4,Variant Condition PO for Table,
ZCH_ORSO_LO_TRANS_NO_CHAR,Number of Load transm. in char,
ZCH_HSCB_B500NR_BEND,HSC-B B500NR bended,
ZCH_PLASMA_HIDE_4,Hide 4,
ZCH_ORSOB_WELD_SEAM_H_PL_L_M,H-plate weld seam length [m],
ZCH_ORSOV_F_HOLE_DIAM,Foot hole diameter [mm],
ZCH_PRESSURE_PLATE_TH,Pressure plate thickness,
ZCH_ORSO_MORTAR_LAYER,Mortar Layer [mm],
ZCH_NS_MEASURE_A_CHAR,Measure A to Char,
ZCH_ORSOB_REINF_LONGIT_W,weld Long. reinforcement,
ZCH_HSCB_B500NR_Y_LMIN,L min y (mm),
ZCH_HK_QUAL,HK5 material quality,
ZCH_STEEL_PLATE_W,Plate width [mm],
ZCH_ORSOB_REINF_LONGIT_WT,Weight longitudinal reinf.[kg],
ZCH_OPR_FOR_TEXT_11,Operation for Text 11,
ZCH_ORSOV_H_OK_FORM,Head OK-Plate form,
ZCH_ORSOB_CENT_DOWEL_NO,Number of Centering Dowel,
ZCH_SOI_PLANT,SOI Plant,
ZCH_RS_HIDE_CHAR_2,Hide 2,
ZCH_PO_PRICE_CONDITION,Variant Condition PO,
ZCH_REINF_LS_NO_BENDS,Number of bends,
ZCH_ORSO_V_PLATE_OPERATION,Plate operation,
ZCH_PLASMA_HIDE_8,Hide 8,
ZCH_ORSO_F_DETAIL,Foot Detail,
ZCH_ORSOB_PO_PRC_CONC_MAT,Material Concrete (prc),
ZCH_OPR_TEXT_03,Additional Text 03,
ZCH_HW_B,angle projection - b,
ZCH_REINF_LS_MAT_QUAL,Material quality,
ZCH_REINF_LS_KG,Weight [kg/EA],
ZCH_WDI_TYPE,WDI Type,
ZCH_RS_HIDE_CHAR,Hide 1,
ZCH_ORSOB_PO_PRC_RE_LO_W,Weld Reinf. long. (prc),
ZCH_ORSOV_CORE_KG_PER_M,Core [kg/m],
ZCH_ORSOV_STD_PLATE_T,Standard plate thickness [mm],
ZCH_NS_NOTE_4,Allowed dim. for L,
ZCH_WDK_THICKNESS_F,Finish piece thickness f [mm],
ZCH_ORSO_RECESS_BELOW,Recess Below [mm],
ZCH_ORSOB_REINF_NS,ns,
ZCH_SAP_MATERIAL_NO,SAP Material number,
ZCH_ORSOB_CUBATURE,Cubature [m3],
ZCH_PROCESSFLOWOPTION_STR,Process flow Option,
ZCH_MAT_DESCRIPTION_S,Material Description - Sales,
ZCH_RESULT_STR_CS,Value String (Case sensitive),
ZCH_PLASMA_PLATE_L,Plate length [mm],
ZCH_PLATE_TH,Plate thickness,
ZCH_RS_TYPE,RIBA Silent type,
ZCH_ORSOB_H_OK_T,Head OK-plate thickness [mm],
ZCH_OPR_FOR_TEXT_01,Operation for Text 01,
ZCH_RS_LENGTH_L2_YN,length L2 > 0?,
ZCH_HSCB_Y_LMIN,L min y (mm),
ZCH_HSC_BRAND,Product brand,
ZCH_WDK_TYPE,Plastic Wind anchor type,
ZCH_PLASMA_HIDE_10,Hide 10,
ZCH_OPR_FOR_TEXT_12,Operation for Text 11,
ZCH_PLASMA_HIDE_12,Hide 12,
ZCH_ORSOB_PLATE_Q,Plate quality,
ZCH_SPFA_LENGTH,Length l (mm),
ZCH_WDI_CAVITY_B,Wall cavity b [10 - 250 mm],
ZCH_PO_PRICE_CONDITION_2,Variant Condition PO,
ZCH_RESULT_REAL3,Value Real 3 decimals,
ZCH_ORSOB_BRACKET_DIST_TOP,Bracket distance top [mm],
ZCH_REINF_LS_POS_NO,Pos.,
ZCH_ORSO_H_UK_PLATE_T,Head UK-plate thickness [mm],
ZCH_ORSOB_PO_PRC_BA_BRAC_T,Proces. bracket (prc table),
ZCH_MAT_WEIGHT_PROF,Material Weight Profile (Kg/m),
ZCH_REINFSTEEL_COMP_STR10,Reinf. steel component string,
ZCH_SUPPORT_PLATE_TH,Support plate thickness,
ZCH_SUPPORT_PLATE_HOLES_NO1,number of holes,
ZCH_ORSOB_TOT_COLUMN_WT,Total column weight [kg],
ZCH_SCREEN_NOINPUT,Char for property NO INPUT,
ZCH_PLASMA_3_PLATE_L,Plate length 3 [mm],
ZCH_ORSOB_PO_PRC_CONC_MAT_T,Material Concrete (prc table),
ZCH_ORSOB_ADD_TEXT,Additional text,
ZCH_ORSOV_CONC_MELMO,Melmo [kg],
ZCH_SO_ITEM,Sales Document Item,
ZCH_ORSOV_CORE_AY,Core Ay [mm],
ZCH_NS_UOM,NELL Silent Unit of Measure,
ZCH_RS_DESCRIPTION,Material Description Row 1,
ZCH_SS_PL_L,Plate length [mm],
ZCH_PRESSURE_PLATE_HEIGHT,Pressure plate height,
ZCH_SD_BRAND,Brand,
ZCH_ORSOB_HEAD_PLATE_WT,Weight head plate [kg],
ZCH_ORSO_V_SEL_PLASMA_4,Select Plasma 4,
ZCH_WEIGHT_CONV_G_M,Weight conversion (g / m),
ZCH_HW_BRACE_QUAL,(HW) BRACE quality,
ZCH_HSCB_B500NR_BRAND,Product brand,
ZCH_PLATE_QUAL,Quality of Plate,
ZCH_ORSO_DRAWING_Y_N,Alphabeton drawing (Yes/No),
ZCH_RS_LENGTH_INFO,Note,
ZCH_ORSOV_OUTER_TUBE_L,Outer tube length [mm],
ZCH_TEST_TRANSLATE_CHAR,test translation charac,
ZCH_WDK_PLUGTYPE,Type of plug,
ZCH_PO_PRICE_CONDITION_3,Variant Condition PO,
ZCH_RS_LENGTH_L1,Length L1 [mm],
ZCH_ORSOB_CORNER_TRIPLE,Corner - Triple,
ZCH_REINF_LS_TRENNJ_MIN,Trennjaeger time [min],
ZCH_ORSOV_CORE_AY_CHAR,Core Ay in Char,
ZCH_ORSOV_CONC_MICRO,Micro [kg],
ZCH_OPR_TEXT_04,Additional Text 04,
ZCH_RS_ANCHOR_MODEL,Anchor bar model,
ZCH_RS_LENGTH_L21_YN,length L21 > 0?,
ZCH_PLASMA_HIDE_7,Hide 7,
ZCH_ORSOV_COMP_STR10_2,ORSO-V Component String 2,
ZCH_ORSOB_CONC_L1,Concrete length 1 [mm],
ZCH_ORSOV_LOAD_TRANSM_WT,Load Transm. bar weight [kg],
ZCH_SUPPORT_PLATE_QUAL,Support plate material qual.,
ZCH_PLASMA_2_PLATE_L,Plate length 2 [mm],
ZCH_ORSOB_AREA2,Area 2 [mm2],
ZCH_TMP_VAR_STR_CS,Temp var string30 case sens.,
ZCH_STEEL_PLATE_L,Plate length [mm],
ZCH_REINF_BAR_MAT_DESC,Material Description,
ZCH_SD_BRAND_1,Brand,
ZCH_ORSOB_PO_PRC_RE_LO_C,Cut Reinf. long. (prc),
ZCH_ORSOB_LO_TRANS_C,Cut Load trans.,
ZCH_HW_BRACE_R,(HW-R) BRACE,
ZCH_HSCB_BRAND,Product brand,
ZCH_SO_ITEM_NETWEIGHT,Net Weight of the Item,
ZCH_ORSOB_BRACKET_DIST,Bracket distance [mm],
ZCH_SD_LENGTH,Length [mm],
ZCH_RS_STANDARD_LENGTH,Standard length?,
ZCH_TPAHDG_TYPE,TPA FV Type,
ZCH_PO_PRICE_CONDITION_4,Variant Condition PO,
ZCH_ORSOB_CROSS_SECTION,Cross section [m2],
ZCH_REINFSTEEL_DIAM,Reinforcement steel diameter,
ZCH_ORSOV_INNER_TUBE_SHAPE,Inner Tube Shape,
ZCH_ORSOV_SURFACE,Surface,
ZCH_ORSOB_BRACKET_WT,Weight brackets [kg],
ZCH_RS_LENGTH_L21,Length L2.1 [mm],
ZCH_ORSOV_CONC_SAND,Sand [kg],
ZCH_ORSOB_PLATE_T,Plate thickness [mm],
ZCH_ORSOV_OUTER_TUBE_WT,Outer tube weight [kg],
ZCH_PLASMA_HIDE_13,Hide 13,
ZCH_ORSOB_CENT_DOWEL_L,Centering Dowel length [mm],
ZCH_WDI_ANCHOR_I,Wall cavity B(mm) WA Anchor,
ZCH_SCRAP,Scrap variable,
ZCH_ORSOB_REINF_COVER,Concrete coverage [mm],
ZCH_ORSOV_CORE_WT,Core weight [kg],
ZCH_OPR_TEXT_07,Additional Text 07,
ZCH_HW_BRACE_QTY,(HW) BRACE quantity,
ZCH_STEEL_PLATE_T_CHAR,Plate thickness to char,
ZCH_ORSOB_PO_PRC_RE_BRAC,Reinf. bracket (prc),
ZCH_SD_LENGTH_1,Length [mm],
ZCH_ORSOB_PO_PRC_CONC_FMW_T,Formwork (prc table),
ZCH_SS_PL_CLASS_IV,IV: Corr. resist. class IV?,
ZCH_PLASMA_2_PLATE_T,Plate thickness 2 [mm],
ZCH_PLASMA_HIDE_11,Hide 11,
ZCH_ORSOB_CENT_DOWEL_DIAM,Centering Dowel Diameter [mm],
ZCH_RS_MAT_QUAL,Material quality,
ZCH_SUPPORT_PLATE_PUNCH,Support plate punch?,
ZCH_ORSOV_INNER_TUBE_T,Inner Tube Thickness [mm],
ZCH_ORSOB_STEELHEAD,Steelhead (Yes/No),
ZCH_PLASMA_4_FORM,Sheet plate form 4,
ZCH_RS_LENGTH_L1_CHAR,Length L1 to Char,
ZCH_ORSOV_CENT_DOWEL_L,Centering Dowel length [mm],
ZCH_STEEL_CORE_MAT_DESC,Material Description,
ZCH_PLASMA_2_PLATE_W,Plate width 2 [mm],
ZCH_PLATE_WEIGHT,plate weight,
ZCH_ORSO_V_STEEL_WEIGHT,Steel weight [kg],
ZCH_HW_TH,angle thickness,
ZCH_STEEL_PLATE_W_CHAR,Plate width to char,
ZCH_ORSOB_REINFOR_NO,Number of reinforcements [pce],
ZCH_PLASMA_3_PLATE_T,Plate thickness 3 [mm],
ZCH_PRESSURE_PLATE_QUAL,Pressure plate material qual.,
ZCH_PLASMA_HIDE_5,Hide 5,
ZCH_SD_MAT_QUAL,Material quality,
ZCH_ORSOV_OUTER_TUBE_WT_M,Outer tube weight per m [kg/m],
ZCH_PLASMA_PLATE_T,Plate thickness [mm],
ZCH_PLASMA_HIDE_3,Hide 3,
ZCH_RS_LENGTH_L22,Length L2.2 [mm],
ZCH_REINF_LS_HAND_B_MIN,Hand bending time [min],
ZCH_SURFACE_AREA_PER_UNIT,Surface Area per Unit,
ZCH_SALES_PRICE,Sales Price,
ZCH_RS_LENGTH_L21_CHAR,Length L2.1 to Char,
ZCH_ORSOB_F_PLATE_LV_L,Foot LV-plate length [mm],
ZCH_LY_HDB_BRAND,Product brand,
ZCH_ORSOV_OUTER_TUBE_L_CHAR,Outer Tube Length Char,
ZCH_SPFA_MATERIAL,Material,
ZCH_RS_LENGTH_L22_CHAR,Length L2.2 to Char,
ZCH_PRESSURE_PLATE_WIDTH,Pressure plate width,
ZCH_SS_PL_MAT_QUAL,Material quality,
ZCH_SUPPORT_PLATE_WIDTH,Support plate width,
ZCH_PLASMA_PLATE_WEIGHT_4,Plate weight 4 [kg],
ZCH_PROFILES,Profiles,
ZCH_RS_LENGTH_L22_YN,length L22 > 0?,
ZCH_TUBE_PROF_MAT_DESC,Material Description,
ZCH_TPAHDG_LOAD_CHAR,TPA FV Load (char),
ZCH_TMP_VAR2_STR_CS,Temp var2 string30 case sens.,
ZCH_PRODOPTION_THREAD_STR,Production Option thread,
ZCH_MAT_WEIGHT,Material Weight,
ZCH_REINF_LS_DIAM,Diameter [mm],
ZCH_TPAHDG_LENGTHD_CHAR,TPA FV Length d (char),
ZCH_RS_LENGTH_L1_YN,length L1 > 0?,
ZCH_STEEL_MAT_QUAL,Material quality,
ZCH_TMP_VAR_I,Tmp variable-type int,
ZCH_SS_PL_T,Plate thickness [mm],
ZCH_RS_HIDE_CHAR_3,Hide 3,
ZCH_SD_LENGTH_CHAR,Length in CHAR,
ZCH_WDI_THICKNESS_I,Thickness F(mm),
ZCH_TPAHDG_NETWEIGHT,Net Weight,
ZCH_SO_QTY,Cumulative order quantity PCE,
ZCH_MATERIAL_NUMBER,Material Number,
ZCH_RS_B,Length B [mm],
ZCH_SPFA_LENGTH_INT,Length h (mm),
ZCH_TMP_VAR_I_2,Tmp variable-type int,
ZCH_STEEL_PLATE_T,Plate thickness [mm],
ZCH_TPAHDG_LOAD,TPA FV Load,
ZCH_ORSOB_AREA,Area [mm2],
ZCH_RS_DIAMETER,Diameter [mm],
ZCH_TMP_I2S,Cast int to string,
ZCH_ORSOB_BRACKET_NO_3,Number of Brackets 3,
ZCH_SD_DIAM,Diameter [mm],
ZCH_WDI_DIAM_S,Diameter of WDI,
ZCH_ORSOB_FORMWORK,Formwork,
ZCH_SUBMEASURE_MM,Subtraction measure (mm),
ZCH_ORSOB_PO_PRC_VAR_T,various components (prc table),
ZCH_ORSOB_REINF_KG_PER_MM,[kg/mm],
ZCH_RS_UNROLL_L,Unrolled length [mm],
ZCH_SD_KG_PER_MM,[kg/mm],
ZCH_SPFA_WEIGHT,Material weight,
ZCH_WDI_BRAND,Product Brand,
ZCH_WDI_THICKNESS_F,Thickness F [60-280 mm],
ZCH_WDI_TUBE_BRAND,Product Brand,