MaterialGroupID;EClassCode;EClassCategory;EClassCategoryDescription
1AAAA;22000000;Bldg comp & mfg mats;Building components & manufacturing materials (L1)
1ABAA;35020089;Bldg comp & mfg mats;Aluminium / aluminum (L2)
1ABBA;35021602;Bldg comp & mfg mats;Aluminium / aluminum billet (L3)
1ABCAA;35020100;Bldg comp & mfg mats;Aluminium / aluminum extrusion (L3)
1ABCAB;35020100;Bldg comp & mfg mats;Round Bars
1ABEA;35021200;Bldg comp & mfg mats;Aluminium / aluminum parts (L3)
1ABFA;35020501;Bldg comp & mfg mats;Aluminium / aluminum sheet (L3)
1ACAA;22150000;Bldg comp & mfg mats;Civils & drainage (L2)
1ACBA;22150402;Bldg comp & mfg mats;Covers (L3)
1ACBB;22150489;Bldg comp & mfg mats;Covers, cast (L4)
1ACBC;22150488;Bldg comp & mfg mats;Covers, composite (L4)
1ACBD;22150487;Bldg comp & mfg mats;Covers, ductile (L4)
1ACCA;22150500;Bldg comp & mfg mats;Dewatering (L3)
1ACCB;22140101;Bldg comp & mfg mats;Concrete pipe (L4)
1ACCC;22149290;Bldg comp & mfg mats;Dewatering accessories (L4)
1ACCD;22140105;Bldg comp & mfg mats;Dewatering, plastic pipe (L4)
1ACCE;22150301;Bldg comp & mfg mats;Drainage channel (L4)
1ACCF;22140107;Bldg comp & mfg mats;Metal pipe (L4)
1ACCG;22150406;Bldg comp & mfg mats;Shaft (L4)
1ACDA;22220289;Bldg comp & mfg mats;Geosynthetics (felt, fleece & fabric) (L3)
1ACDB;22220208;Bldg comp & mfg mats;Geogrid (L4)
1ACDC;22220204;Bldg comp & mfg mats;Non-woven (L4)
1ACDD;22220288;Bldg comp & mfg mats;Woven (L4)
1ACEA;22330100;Bldg comp & mfg mats;Prefabricated concrete (L3)
1ACFA;22160200;Bldg comp & mfg mats;Road construction materials (L3)
1ADAAA;22330000;Bldg comp & mfg mats;Construction accessories (L2)
1ADAAB;22330000;Bldg comp & mfg mats;Magnets
1ADAAC;22330000;Bldg comp & mfg mats;Profiles exp.joint wall ceiling in aluminum stainless rubber
1ADBA;22230100;Bldg comp & mfg mats;Facade products (L3)
1ADCA;22520000;Bldg comp & mfg mats;Fencing (L3)
1ADCB;22520100;Bldg comp & mfg mats;Fencing barrier, gate (L4)
1ADCC;22529200;Bldg comp & mfg mats;Fencing components (L4)
1ADDA;22460000;Bldg comp & mfg mats;Flooring (L3)
1ADEA;22510200;Bldg comp & mfg mats;Formwork (L3)
1ADFAA;21130700;Bldg comp & mfg mats;Lifting element (L3)
1ADFAB;21130700;Bldg comp & mfg mats;Ropes
1ADFAE;21130700;Bldg comp & mfg mats;Magnets
1ADFB;21130702;Bldg comp & mfg mats;Anchors (L4)
1ADGAA;22330192;Bldg comp & mfg mats;Prefabricated concrete accessories (L3)
1ADGAB;22330192;Bldg comp & mfg mats;Plastic Molded Part
1ADGAC;22330192;Bldg comp & mfg mats;Plastic Catalogue Parts
1ADGAD;22330192;Bldg comp & mfg mats;Extrusion Plastic Parts
1ADHA;22490100;Bldg comp & mfg mats;Reinforcing accessories (L3)
1AEAA;22280000;Bldg comp & mfg mats;Doors, windows & hardware (L2)
1AEBA;22289200;Bldg comp & mfg mats;Door and window accessories (L3)
1AECA;22280100;Bldg comp & mfg mats;Doors (L3)
1AEDA;22280302;Bldg comp & mfg mats;Window frames & cills / sills (L3)
1AFAA;22210000;Bldg comp & mfg mats;Dry construction (L2)
1AFBA;22210100;Bldg comp & mfg mats;Dry construction element (L3)
1AFBB;22210103;Bldg comp & mfg mats;Cement fiber slab (L4)
1AFBC;22210104;Bldg comp & mfg mats;Gypsum fiber board (L4)
1AFBD;22210106;Bldg comp & mfg mats;Plasterboard (L4)
1AFCA;22171300;Bldg comp & mfg mats;Plaster (L3)
1AGDAA;23150000;Bldg comp & mfg mats;Fasteners (L2)
1AGDAB;23150000;Bldg comp & mfg mats;Fastener Carbon Steel
1AGDAC;23150000;Bldg comp & mfg mats;Metal anchor, - plugs
1AGDAD;23150000;Bldg comp & mfg mats;Fastener Stainless Steel
1AGFAA;23100105;Bldg comp & mfg mats;Bolts (L3)
1AGFAC;23100105;Bldg comp & mfg mats;Cold Forged Parts
1AGGAA;23140000;Bldg comp & mfg mats;Clamp (L3)
1AGHA;23120300;Bldg comp & mfg mats;Nail, pin (L3)
1AGIAA;23110800;Bldg comp & mfg mats;Nuts (L3)
1AGIAB;23110800;Bldg comp & mfg mats;Nuts Carbon Steel
1AGIAC;23110800;Bldg comp & mfg mats;Nuts Stainless Steel
1AGJAA;23110100;Bldg comp & mfg mats;Screw (L3)
1AGJAB;23110100;Bldg comp & mfg mats;Screw stainless
1AGJAC;23110100;Bldg comp & mfg mats;Screw carbon steel
1AGJAE;23110100;Bldg comp & mfg mats;Turned Parts Carbon Steel 
1AGKAA;23109000;Bldg comp & mfg mats;T-Bolt (L3)
1AGKAB;23109000;Bldg comp & mfg mats;T-Bolts Stainless
1AGKAC;23109000;Bldg comp & mfg mats;T-Bolts Carbon Steel
1AGLAA;23090100;Bldg comp & mfg mats;Washer, ring (L3)
1AGLAB;23090100;Bldg comp & mfg mats;Washer stainless
1AGLAC;23090100;Bldg comp & mfg mats;Washer carbon steel
1AHAA;22499090;Bldg comp & mfg mats;Fiberglass (L2)
1AIAA;22350000;Bldg comp & mfg mats;Glass (L2)
1AIBA;22350104;Bldg comp & mfg mats;Multipane insulating glass (L3)
1AICA;22350177;Bldg comp & mfg mats;Other glass & accessories (L3)
1AIDA;22350103;Bldg comp & mfg mats;Single pane glass (L3)
1AIDB;22350180;Bldg comp & mfg mats;Acid etch glass (L4)
1AIDC;22350188;Bldg comp & mfg mats;Clear glass (L4)
1AIDD;22350179;Bldg comp & mfg mats;Fire rated glass (L4)
1AIDE;22350181;Bldg comp & mfg mats;Glazed glass (L4)
1AIDF;22350178;Bldg comp & mfg mats;Insulated glass units (L4)
1AIDG;22350187;Bldg comp & mfg mats;Laminated glass (L4)
1AIDH;22350186;Bldg comp & mfg mats;Low emissivity glass (L4)
1AIDI;22350189;Bldg comp & mfg mats;Monolithic glass (L4)
1AIDJ;22350185;Bldg comp & mfg mats;Monolithic mirror (L4)
1AIDK;22350184;Bldg comp & mfg mats;Pattern glass (L4)
1AIDL;22350183;Bldg comp & mfg mats;Reflective glass (L4)
1AIDM;22350182;Bldg comp & mfg mats;Tint glass (L4)
1AIDN;22350176;Bldg comp & mfg mats;Wire glass (L4)
1AJAA;22220100;Bldg comp & mfg mats;Insulation (L2)
1AJBA;35030500;Bldg comp & mfg mats;Insulating foils (L3)
1AJCA;22220190;Bldg comp & mfg mats;Insulation, acoustic insulation (L3)
1AJDA;22220300;Bldg comp & mfg mats;Insulation, fireproofing material (L3)
1AJEAA;22220103;Bldg comp & mfg mats;Insulation, mineral wool (L3)
1AJEAB;22220103;Bldg comp & mfg mats;rock wool 
1AJFA;22220104;Bldg comp & mfg mats;Insulation, rigid foam (L3)
1AKAAA;22180000;Bldg comp & mfg mats;Masonry (L3)
1AKAAB;22180000;Bldg comp & mfg mats;Drill
1AKBA;22180200;Bldg comp & mfg mats;Blocks (L3)
1AKCA;22180500;Bldg comp & mfg mats;Bricks (L3)
1AKCB;22180207;Bldg comp & mfg mats;Bricks, ceramic (L4)
1AKCC;22180504;Bldg comp & mfg mats;Bricks, clay (L4)
1AKDA;22180492;Bldg comp & mfg mats;Masonry support (L3)
1AKEA;22160300;Bldg comp & mfg mats;Paving stones (L3)
1AKEB;22160304;Bldg comp & mfg mats;Paving stones, baked (L4)
1AKEC;22160301;Bldg comp & mfg mats;Paving stones, concrete (L4)
1AKED;22160303;Bldg comp & mfg mats;Paving stones, natural stone (L4)
1AKFA;22470000;Bldg comp & mfg mats;Tiles (L3)
1AKFB;22470110;Bldg comp & mfg mats;Tiles, colored (L4)
1AKFC;22470200;Bldg comp & mfg mats;Tiles, concrete look (L4)
1AKFD;22470300;Bldg comp & mfg mats;Tiles, glass look (L4)
1AKFE;22470113;Bldg comp & mfg mats;Tiles, natural stone look (L4)
1AKFF;22470190;Bldg comp & mfg mats;Tiles, white (L4)
1AKFG;22470109;Bldg comp & mfg mats;Tiles, wood look (L4)
1ALAA;35029000;Bldg comp & mfg mats;Non-ferrous metals, lead (L2)
1AMAA;22250000;Bldg comp & mfg mats;Roofing (L2)
1AMBA;22250500;Bldg comp & mfg mats;Roofing element (L3)
1AMCA;22259000;Bldg comp & mfg mats;Roofing membrane (L3)
1AMDA;22250700;Bldg comp & mfg mats;Roofing sheets (L3)
1AMEA;22250100;Bldg comp & mfg mats;Roofing slab (L3)
1AMFA;22250600;Bldg comp & mfg mats;Roofing tiles (L3)
1ANAA;22250103;Bldg comp & mfg mats;Rubber (L2)
1AOAA;22900000;Bldg comp & mfg mats;Sanitary, heating & plumbing (L2)
1AOBA;22390000;Bldg comp & mfg mats;Heating ventilation and air conditioning systems (L3)
1AOBB;22410500;Bldg comp & mfg mats;Air conditioning (L4)
1AOBC;29020100;Bldg comp & mfg mats;Fireplaces (L4)
1AOBD;22390600;Bldg comp & mfg mats;Heating (L4)
1AOBE;22410000;Bldg comp & mfg mats;Ventilation (L4)
1AOCA;50030000;Bldg comp & mfg mats;Kitchen (L3)
1AOCB;29150000;Bldg comp & mfg mats;Kitchen appliances (L4)
1AOCC;50039000;Bldg comp & mfg mats;Kitchen furniture (L4)
1AODA;22560000;Bldg comp & mfg mats;Plumbing products (L3)
1AODB;22150602;Bldg comp & mfg mats;House drainage (L4)
1AODC;22560200;Bldg comp & mfg mats;Pipe fittings (L4)
1AODD;22560101;Bldg comp & mfg mats;Plumbing pipes (L4)
1AODE;37010400;Bldg comp & mfg mats;Plumbing valves (L4)
1AOEA;22360000;Bldg comp & mfg mats;Sanitary ware (L3)
1AOEB;22369100;Bldg comp & mfg mats;Bathroom accessories (L4)
1AOEC;50060208;Bldg comp & mfg mats;Bathroom furniture (L4)
1AOED;22361089;Bldg comp & mfg mats;Bathtubs (L4)
1AOEE;22360100;Bldg comp & mfg mats;Shower heads, taps & parts (L4)
1AOEF;22361000;Bldg comp & mfg mats;Showers (L4)
1AOEG;22361100;Bldg comp & mfg mats;Washbasins (L4)
1AOEH;22361189;Bldg comp & mfg mats;WC's (L4)
1APAA;35060000;Bldg comp & mfg mats;Steel (L2)
1APBAA;35011500;Bldg comp & mfg mats;Fabricated steel components (L3)
1APBAB;35011500;Bldg comp & mfg mats;Casting parts carbon steel
1APBAC;35011500;Bldg comp & mfg mats;Turned Parts Stainless Steel
1APBAD;35011500;Bldg comp & mfg mats;Bended Wire Parts Stainless
1APBAE;35011500;Bldg comp & mfg mats;Forged  Parts Carbon Steel 
1APBAF;35011500;Bldg comp & mfg mats;Turned Parts Carbon Steel 
1APBAG;35011500;Bldg comp & mfg mats;Hybrid Parts
1APBAH;35011500;Bldg comp & mfg mats;Forged Parts Stainless Steel
1APBAI;35011500;Bldg comp & mfg mats;Stamped Parts Carbon Steel
1APBAJ;35011500;Bldg comp & mfg mats;Milled Parts
1APBAK;35011500;Bldg comp & mfg mats;Cold Forged Parts Stainless
1APBAL;35011500;Bldg comp & mfg mats;Cold Forged Parts Carbon Steel
1APBAM;35011500;Bldg comp & mfg mats;Stamped Parts Stainless
1APBAN;35011500;Bldg comp & mfg mats;Dowels/Metal anchors
1APBAP;35011500;Bldg comp & mfg mats;Laser Cuttings
1APCA;35067000;Bldg comp & mfg mats;Flat carbon steel (L3)
1APCBA;35060101;Bldg comp & mfg mats;Flat carbon steel blank, sheet and roll formed profiles (L4)
1APCBB;35060101;Bldg comp & mfg mats;Cold Rolled Profiles Carbon
1APCBC;35060101;Bldg comp & mfg mats;Colled Rolled Profiles
1APCBD;35060101;Bldg comp & mfg mats;Sheets Carbon Steel
1APCBE;35060101;Bldg comp & mfg mats;Flat Bars Carbon
1APCBF;35060101;Bldg comp & mfg mats;Laser Cuttings
1APCBG;35060101;Bldg comp & mfg mats;Sheets Carbon
1APCCA;35060102;Bldg comp & mfg mats;Flat carbon steel coils & strips (L4)
1APCCB;35060102;Bldg comp & mfg mats;Slit Strip carbon steel
1APCD;35060108;Bldg comp & mfg mats;Flat carbon steel plates (Quarto) (L4)
1APCE;37129090;Bldg comp & mfg mats;Special steel tubes and pipes (spiral welded, …) (L4)
1APCFA;35060406;Bldg comp & mfg mats;Steel welded tubes (L4)
1APCFB;35060406;Bldg comp & mfg mats;Tubes Carbon
1APDA;35019090;Bldg comp & mfg mats;Iron (L3)
1APEA;35011785;Bldg comp & mfg mats;Long carbon steel (L3)
1APEBA;35060390;Bldg comp & mfg mats;Long carbon steel bars and profiles (L4)
1APEBB;35060390;Bldg comp & mfg mats;Round Bars
1APEBC;35060390;Bldg comp & mfg mats;Flat Bars
1APEBD;35060390;Bldg comp & mfg mats;Hot Rolled Profiles Carbon Steel
1APEBE;35060390;Bldg comp & mfg mats;Flat Bars Carbon
1APEBF;35060390;Bldg comp & mfg mats;Round Bars Carbon
1APECA;35060690;Bldg comp & mfg mats;Long carbon steel cold drawn wires and meshes (L4)
1APECB;35060690;Bldg comp & mfg mats;Ropes
1APED;35060290;Bldg comp & mfg mats;Long carbon steel open sections and beams (L4)
1APEE;35060407;Bldg comp & mfg mats;Steel seamless tubes (L4)
1APFA;25090200;Bldg comp & mfg mats;Material surface preparation (L3)
1APFB;25090103;Bldg comp & mfg mats;Abbrasive blasting (L4)
1APFC;25090201;Bldg comp & mfg mats;Color coating (L4)
1APFD;25090600;Bldg comp & mfg mats;Heat treatment (L4)
1APFE;25091190;Bldg comp & mfg mats;Lamination (L4)
1APFF;25090202;Bldg comp & mfg mats;Metallic coating (L4)
1APFG;25090207;Bldg comp & mfg mats;Vulcanising / vulcanizing (L4)
1APGA;35060900;Bldg comp & mfg mats;Passive reinforcing steel (L3)
1APGBA;35060907;Bldg comp & mfg mats;Pre-stressed concrete steel strands and wires (L4)
1APGBB;35060907;Bldg comp & mfg mats;Wire Carbon
1APGCA;35060904;Bldg comp & mfg mats;Reinforcing steel cold rolled bars and coils (L4)
1APGCB;35060904;Bldg comp & mfg mats;Rebar
1APGD;35060906;Bldg comp & mfg mats;Reinforcing steel customized assemblies (L4)
1APGE;22490207;Bldg comp & mfg mats;Reinforcing steel fibers (L4)
1APGFA;35060903;Bldg comp & mfg mats;Reinforcing steel hot rolled bars and coils (L4)
1APGFB;35060903;Bldg comp & mfg mats;Rebar
1APGG;35060902;Bldg comp & mfg mats;Reinforcing steel meshes (L4)
1APGH;35060905;Bldg comp & mfg mats;Reinforcing steel standard assemblies (L4)
1APHA;35019000;Bldg comp & mfg mats;Stainless steel (L3)
1APHBA;35068004;Bldg comp & mfg mats;Stainless steel, bars & profiles (L4)
1APHBD;35068004;Bldg comp & mfg mats;Hot Rolled Profiles Stainless
1APHBE;35068004;Bldg comp & mfg mats;Cold Rolled Profiles Stainless
1APHBF;35068004;Bldg comp & mfg mats;Round Bars Stainless
1APHBH;35068004;Bldg comp & mfg mats;Flat Bars Stainless
1APHBI;35068004;Bldg comp & mfg mats;Colled Rolled Profiles Stainless
1APHCA;35068002;Bldg comp & mfg mats;Stainless steel, blanks and plates (L4)
1APHCB;35068002;Bldg comp & mfg mats;Sheets Stainless
1APHDA;35068001;Bldg comp & mfg mats;Stainless steel, flat coils and strips (L4)
1APHDB;35068001;Bldg comp & mfg mats;Slit Strip stainless
1APHE;35068003;Bldg comp & mfg mats;Stainless steel, tubes (L4)
1APHF;35068005;Bldg comp & mfg mats;Stainless steel, wires (L4)
1AQAA;22290000;Bldg comp & mfg mats;Timber (L2)
1AQBA;22130101;Bldg comp & mfg mats;Mulch product (L3)
1AQCA;22290100;Bldg comp & mfg mats;Solid wood, construction timber (L3)
1AQDA;26020200;Bldg comp & mfg mats;Wood aggregates (L3)
1AQEA;22290101;Bldg comp & mfg mats;Wood panels (L3)
1AQEB;22292600;Bldg comp & mfg mats;OSB / chipboard / MDF / hardboard (L4)
1AQEC;22290200;Bldg comp & mfg mats;Plywood (L4)
1BAAA;30000000;Chemicals;Chemicals (L1)
1BBAA;22170000;Chemicals;Additives (L2)
1BBBA;22179000;Chemicals;Asphalt additives (L3)
1BBBB;22179088;Chemicals;Hot mix asphalt additives, lime (L4)
1BBBC;22179087;Chemicals;Hot mix asphalt fibres / fibers (L4)
1BBBD;22179086;Chemicals;Hot mix asphalt performance modifiers (L4)
1BBBE;22179072;Chemicals;Liquid asphalt additives, 115% PPA polyphosphoric acid (L4)
1BBBF;22179080;Chemicals;Liquid asphalt additives, caustic soda (L4)
1BBBG;22179077;Chemicals;Liquid asphalt additives, latex (L4)
1BBBH;22179075;Chemicals;Liquid asphalt additives, polymer (L4)
1BBBI;22179073;Chemicals;Liquid asphalt additives, polyphosphoric acid (L4)
1BBBJ;22179076;Chemicals;Liquid asphalt additives, SBR (L4)
1BBBK;22179074;Chemicals;Liquid asphalt additives, SBS (L4)
1BBBL;22179071;Chemicals;Liquid asphalt additives, sulfur / sulphur (L4)
1BBBM;22179068;Chemicals;Liquid asphalt anti-strip agents (L4)
1BBBN;22179064;Chemicals;Liquid asphalt emulsifiers (L4)
1BBBO;22179082;Chemicals;Warm mix asphalt additives, sasobit (L4)
1BBCA;22179060;Chemicals;Cement additives (L3)
1BBCB;22179057;Chemicals;Cement additives, CR VI reducers (L4)
1BBCC;22179058;Chemicals;Cement additives, grinding aids (L4)
1BBCF;22179059;Chemicals;Cement additives, NOx reducers (L4)
1BBDA;22170500;Chemicals;Concrete additives (L3)
1BBDB;22170587;Chemicals;Concrete additives, LFS (L4)
1BBDC;22170588;Chemicals;Concrete additives, naphtaline (L4)
1BBDD;22170589;Chemicals;Concrete additives, PCE (L4)
1BBDE;22170505;Chemicals;Concrete additives, silica fume (L4)
1BBEA;31390000;Chemicals;Silicone Oil (L3)
1BCAAA;23330100;Chemicals;Adhesives (L2)
1BCAAB;23330100;Chemicals;Insulation
1BDAA;22340000;Chemicals;Cementitious (L2)
1BDBA;22130114;Chemicals;Clay (L3)
1BDCA;22130102;Chemicals;Ash/Fly Ash (L3)
1BDDA;22171301;Chemicals;Gypsum (L3)
1BDDB;22171389;Chemicals;Natural gypsum (L4)
1BDDC;22171388;Chemicals;Synthetic gypsum (L4)
1BDEA;22340302;Chemicals;Lime (L3)
1BDEB;38110303;Chemicals;Limestone (L4)
1BDEC;30010801;Chemicals;Limestone Powder (L4)
1BDED;38110304;Chemicals;Burnt Lime (L4)
1BDFA;26010400;Chemicals;Ores (L3)
1BDFB;26010401;Chemicals;Bauxite (L4)
1BDFC;26010403;Chemicals;Iron ore (L4)
1BDFD;26010505;Chemicals;Marl (L4)
1BDGA;22130170;Chemicals;Pozzolan (L3)
1BDHA;26010000;Chemicals;Shale (L3)
1BDIA;22130106;Chemicals;Slag (L3)
1BDIB;22130169;Chemicals;Granulated blast furnace slag (L4)
1BDIC;22130168;Chemicals;Ground granulated blast furnace slag (L4)
1BDID;22130167;Chemicals;Non granulated blast furnace slag (L4)
1BEAA;30900000;Chemicals;Chemical consumables (L2)
1BEBA;38060000;Chemicals;Acids (L3)
1BECA;30020000;Chemicals;Cleaning supplies (L3)
1BEDA;45040000;Chemicals;Pesticides & insecticides (L3)
1BEEA;23060000;Chemicals;Vehicles liquids (L3)
1BEEB;23060600;Chemicals;Antifreeze (L4)
1BEEC;23060400;Chemicals;Coolant (L4)
1BEED;30021200;Chemicals;Washing agent (L4)
1BFAA;26041200;Chemicals;Industrial gases (L2)
1BGAA;23060100;Chemicals;Lubricants (L2)
1BGBA;23060101;Chemicals;Lubricants, fluid (L3)
1BGCA;23060102;Chemicals;Lubricants, pasty (L3)
1BHAA;22170189;Chemicals;Paints, primers & finishes (L2)
1BIAA;30190000;Chemicals;Pigments (L2)
1BJAA;31000000;Chemicals;Resins (L2)
1BJBA;31290000;Chemicals;Polycarbonate (L3)
1BJCA;31130100;Chemicals;Polymer of acrylonitrile (L3)
1BJDA;31010100;Chemicals;Polymer of ethylene (L3)
1BJEA;31010200;Chemicals;Polymer of propylene (L3)
1BJFA;31060900;Chemicals;Polymer of vinyl butyral (L3)
1BKAA;22171000;Chemicals;Sealants (L2)
1CAAA;26040000;Energy;Energy (L1)
1CBAA;26030300;Energy;Alternative fuels (L2)
1CBBA;25050689;Energy;Alternative fuel, hazardous (L3)
1CBBB;26010290;Energy;Alternative fuel, asphaltene (L4)
1CBBC;25050644;Energy;Alternative fuel, industrial sludge (L4)
1CBBD;25050646;Energy;Alternative fuel, solid hazardous waste (L4)
1CBBE;25050635;Energy;Alternative fuel, waste oil (L4)
1CBBF;25050654;Energy;Alternative fuel, waste solvents (L4)
1CBCA;25059689;Energy;Alternative fuel, non-hazardous (L3)
1CBCB;26041300;Energy;Alternative fuel, biomass (L4)
1CBCC;25050608;Energy;Alternative fuel, meat bone meal (L4)
1CBCD;25050639;Energy;Alternative fuel, sewage sludge (L4)
1CBCE;25050602;Energy;Alternative fuel, SRF / RDF (L4)
1CBCF;25050625;Energy;Alternative fuel, tyres / tires (L4)
1CBCG;25050606;Energy;Alternative fuel, wood chips (L4)
1CCAA;26040700;Energy;Electricity (L2)
1CDAA;25300400;Energy;Fuel & energy management services (L2)
1CEAA;26040200;Energy;Gaseous fuels (L2)
1CEBA;26040201;Energy;Natural gas (L3)
1CECA;26040203;Energy;Propane (L3)
1CFAA;26040500;Energy;Liquid fuels (L2)
1CFBA;26040501;Energy;Diesel fuel (L3)
1CFCA;26040502;Energy;Gasoline (L3)
1CFDA;26040100;Energy;Heavy Fuel oil (L3)
1CFEA;26040101;Energy;Light Fuel Oil (L3)
1CGAA;26040300;Energy;Solid fuels (L2)
1CGBA;26040301;Energy;Coal (L3)
1CGBB;26040304;Energy;Anthracite (L4)
1CGBC;26040303;Energy;Hard coal (L4)
1CGBD;26040302;Energy;Lignite (L4)
1CGCA;26040390;Energy;Petcoke (L3)
1CHAA;26040900;Energy;Water (L2)
1DAAA;33000085;Facilities mgmt&est;Facilities management & estates (L1)
1DBAA;25308900;Facilities mgmt&est;Facility services (L2)
1DBBA;25290000;Facilities mgmt&est;Cleaning services (L3)
1DBBB;25290700;Facilities mgmt&est;Cleaning external facility (L4)
1DBBC;25290103;Facilities mgmt&est;Office and conference room cleaning (L4)
1DBBD;25290600;Facilities mgmt&est;Textile cleaning (L4)
1DBCA;25300100;Facilities mgmt&est;Facility & site support (L3)
1DBCB;15059000;Facilities mgmt&est;Building maintenance services (L4)
1DBCC;15050100;Facilities mgmt&est;HVAC services (L4)
1DBCD;22102200;Facilities mgmt&est;Plumbing work (L4)
1DBCE;22105300;Facilities mgmt&est;Portable cabin (L4)
1DBCF;14081100;Facilities mgmt&est;Relocation services, logistics (L4)
1DBDA;25200000;Facilities mgmt&est;Food & beverage services (L3)
1DBDB;17140100;Facilities mgmt&est;Cafeteria and caterer services (L4)
1DBDC;25200300;Facilities mgmt&est;Food or drinks vending machines (L4)
1DBEA;22100308;Facilities mgmt&est;Gardening services (L3)
1DBFA;25300200;Facilities mgmt&est;Office services (L3)
1DBFB;25300202;Facilities mgmt&est;Archiving services (L4)
1DBFC;25300288;Facilities mgmt&est;Shredding services (L4)
1DBGA;25880000;Facilities mgmt&est;Property & estate services (L3)
1DBGB;25020400;Facilities mgmt&est;Architecture and building planning (L4)
1DBGC;22100371;Facilities mgmt&est;Land reclamation (L4)
1DBGD;25890000;Facilities mgmt&est;Real estate services (L4)
1DBGE;22100309;Facilities mgmt&est;Re-Cultivation Services (L4)
1DBHA;25010000;Facilities mgmt&est;Security services (L3)
1DBHB;25010102;Facilities mgmt&est;Manguard services (L4)
1DBHC;25019090;Facilities mgmt&est;Monitoring services (L4)
1DBIA;25300289;Facilities mgmt&est;Uniform services (L3)
1DBJA;25300300;Facilities mgmt&est;Utility services (L3)
1DBKA;25050600;Facilities mgmt&est;Waste disposal (L3)
1DBKB;25050690;Facilities mgmt&est;Hazardous waste (L4)
1DBKC;25050601;Facilities mgmt&est;Non-hazardous waste (L4)
1DCAA;24000000;Facilities mgmt&est;Facility supplies (L2)
1DCBA;40000000;Facilities mgmt&est;Accident protection (L3)
1DCBB;40040000;Facilities mgmt&est;Fire protection (L4)
1DCBC;40020300;Facilities mgmt&est;First-aid (L4)
1DCCA;40200000;Facilities mgmt&est;Building signage (L3)
1DCDA;29090000;Facilities mgmt&est;Food and beverage supplies (L3)
1DCDB;16120100;Facilities mgmt&est;Cold drinks (L4)
1DCDC;16140000;Facilities mgmt&est;Food (L4)
1DCDD;16129090;Facilities mgmt&est;Hot drinks (L4)
1DCEA;29110000;Facilities mgmt&est;Janitorial supplies (L3)
1DCFA;22540000;Facilities mgmt&est;Landscaping products (L3)
1DCFB;22541000;Facilities mgmt&est;Landscape architecture materials (L4)
1DCFC;22220200;Facilities mgmt&est;Landscaping textile, felt, fleece, fabric (L4)
1DCFD;22541102;Facilities mgmt&est;Seedlings (L4)
1DCFE;22541100;Facilities mgmt&est;Seeds (L4)
1DCGA;24310000;Facilities mgmt&est;Office furniture (L3)
1DCHA;24320000;Facilities mgmt&est;Office supplies (L3)
1DCHB;24240000;Facilities mgmt&est;Office materials (L4)
1DCHC;24329000;Facilities mgmt&est;Office technology (L4)
1DCHD;24260000;Facilities mgmt&est;Paper (L4)
1DCHE;24320900;Facilities mgmt&est;Postal processing machine (L4)
1DCHF;24270000;Facilities mgmt&est;Printed forms (L4)
1DCIA;40010000;Facilities mgmt&est;Personal protective equipment (L3)
1DCIB;40011500;Facilities mgmt&est;Eye protection (L4)
1DCIC;40029003;Facilities mgmt&est;Fall protection (L4)
1DCID;40011300;Facilities mgmt&est;Foot protection (L4)
1DCIE;40011200;Facilities mgmt&est;Hand protection (L4)
1DCIF;40011100;Facilities mgmt&est;Head protection (L4)
1DCIG;40011600;Facilities mgmt&est;Hearing protection (L4)
1DCIH;40010100;Facilities mgmt&est;Protective clothing (L4)
1DCII;40011400;Facilities mgmt&est;Respiratory protection (L4)
1DCJA;27390300;Facilities mgmt&est;Security systems (L3)
1DCKA;21010000;Facilities mgmt&est;Tools (L3)
1DCKB;21040000;Facilities mgmt&est;Hand tools (L4)
1DCKC;21050000;Facilities mgmt&est;Power tools (L4)
1DCKD;22510100;Facilities mgmt&est;Scaffolding & ladders (L4)
1DDAA;25270000;Facilities mgmt&est;Property & building (L2)
1DDBA;33000087;Facilities mgmt&est;Building (L3)
1DDBB;25270100;Facilities mgmt&est;Building, leased (L4)
1DDBC;33000086;Facilities mgmt&est;Building, purchased (L4)
1DDBD;25270200;Facilities mgmt&est;Building, rented (L4)
1DDCA;33000089;Facilities mgmt&est;Property (L3)
1DDCB;25270189;Facilities mgmt&est;Property, leased (L4)
1DDCC;33000088;Facilities mgmt&est;Property, purchased (L4)
1DDCD;25270204;Facilities mgmt&est;Property, rented (L4)
1EAAA;25000000;General services;General services (L1)
1EBAA;25152000;General services;Audit & accounting services (L2)
1EBBA;25152080;General services;Accounting services (L3)
1EBCA;25152089;General services;Auditing services (L3)
1ECAA;25260000;General services;Consulting (L2)
1ECBA;25260300;General services;Asset innovation consulting (L3)
1ECCA;25260100;General services;Management consulting (L3)
1EDAA;25151701;General services;Corporate fleet (L2)
1EEAA;25150000;General services;Finance services (L2)
1EEBA;25159000;General services;Banking services (L3)
1EECA;25261100;General services;Information services & credit checking (L3)
1EEDA;25150200;General services;Insurance services (L3)
1EEDB;25150209;General services;Car insurance (L4)
1EEDC;25150204;General services;General accident insurance (L4)
1EEDD;25150201;General services;General liability insurance (L4)
1EEDE;25150205;General services;Health insurance (L4)
1EEDF;25150206;General services;Life insurance (L4)
1EEDG;25150218;General services;Residential building insurance (L4)
1EEEA;25151402;General services;Pension management services (L3)
1EEFA;25151508;General services;Recovery services & debt collection (L3)
1EEGA;25151709;General services;Research grants & funding (L3)
1EFAA;25110000;General services;Human resource services (L2)
1EFBA;25119090;General services;Awards / employee appreciation (L3)
1EFCA;25110290;General services;Health & safety reintegration (L3)
1EFDA;25110400;General services;HR assessments (L3)
1EFEA;25110800;General services;Outplacement services (L3)
1EFFA;25110900;General services;Payroll accounting services (L3)
1EFGA;25110600;General services;Recruitment services (L3)
1EFHA;25110602;General services;Temporary labour (L3)
1EFIA;25110100;General services;Training & education (L3)
1EGAA;25100000;General services;Legal services (L2)
1EHAA;25320000;General services;Marketing services (L2)
1EHBA;25320100;General services;Advertising, media services (L3)
1EHCA;41090000;General services;Commercial printing services (L3)
1EHDA;41120000;General services;Conference, event, fair (L3)
1EHEA;41020000;General services;Promotional goods (L3)
1EHFA;25320501;General services;Public relations agency (L3)
1EIAA;25300000;General services;Operating support services (L2)
1EIBA;25109000;General services;Lobbying services (L3)
1EICA;25300500;General services;Translation services (L3)
1EJAA;25120000;General services;Travel & expenses (L2)
1EJBA;25128900;General services;Employee reimbursement (L3)
1EJCA;25129000;General services;Travel management (L3)
1EJDA;25121200;General services;Travel expenses (L3)
1EJEA;25121300;General services;Hotel, guesthouse, pension (L3)
1FAAA;19000000;IT & telecom;IT & telecom (L1)
1FBAA;19060000;IT & telecom;End-user equipment (L2)
1FBBA;19080700;IT & telecom;Audio & visual equipment (L3)
1FBCA;19060300;IT & telecom;Cellular phone network device (L3)
1FBDA;19010000;IT & telecom;Computer system (L3)
1FBEA;19130000;IT & telecom;Input device for computer (L3)
1FBFA;19060100;IT & telecom;Landline telecommunication device (L3)
1FBGA;19140300;IT & telecom;Monitor (L3)
1FBHA;19010202;IT & telecom;Notebook (L3)
1FBIA;19140100;IT & telecom;Printer (L3)
1FBJA;19010201;IT & telecom;Tablet PC (L3)
1FBKA;19010500;IT & telecom;Workstation (L3)
1FCAA;25241200;IT & telecom;Hosting, data center services & cloud (L2)
1FDAA;25240000;IT & telecom;IT services, service management & support (L2)
1FDBA;25261200;IT & telecom;IT consulting (L3)
1FDCA;25241500;IT & telecom;IT security services (L3)
1FDDA;25240900;IT & telecom;IT technical development services (L3)
1FEAA;19890000;IT & telecom;Network & telecom (L2)
1FEBA;25241101;IT & telecom;LAN services (L3)
1FECA;25241102;IT & telecom;Mobile services (L3)
1FEDA;19170100;IT & telecom;Network component (L3)
1FEEA;19170000;IT & telecom;Network technology (L3)
1FEFA;25241105;IT & telecom;WAN services (L3)
1FFAA;19240000;IT & telecom;Software & applications (L2)
1FFBA;19211500;IT & telecom;Industry software, client operating system (L3)
1FFCA;19210200;IT & telecom;Office application software, client operating system (L3)
1FFDA;19231300;IT & telecom;Security software, mainframe, middleware operating syst (L3)
1FFEA;19210000;IT & telecom;Software, client operating system (L3)
1GAAA;14000000;Logistics;Logistics (L1)
1GBAA;14081400;Logistics;Courier services (L2)
1GBBA;14081402;Logistics;Mail & postal services (L3)
1GBCA;14081401;Logistics;Parcel transport (L3)
1GCAA;14020000;Logistics;Freight (L2)
1GCBA;14020700;Logistics;Air transport (L3)
1GCCA;14028900;Logistics;Inbound logistics (L3)
1GCDA;14029000;Logistics;Intercompany Transportation (L3)
1GCEA;14020100;Logistics;Outbound road (truck) transport (L3)
1GCEB;14081200;Logistics;Heavy transport services (L4)
1GCEC;14020103;Logistics;Road transport, asphalt (L4)
1GCED;14020188;Logistics;Road transport, dry bulk powder (L4)
1GCEE;14020101;Logistics;Road transport, flatbed/curtainside (L4)
1GCEF;14020187;Logistics;Road transport, less truck load (L4)
1GCEG;14020189;Logistics;Road transport, mixer (L4)
1GCEH;14020102;Logistics;Road transport, tipper/dump (L4)
1GCFA;14020300;Logistics;Rail transport (L3)
1GCGA;14020401;Logistics;River transport (L3)
1GCHA;14020500;Logistics;Sea transport (L3)
1GDAA;14080000;Logistics;Logistic services & charges (L2)
1GDBA;14089000;Logistics;Logistic charges (L3)
1GDCA;14070200;Logistics;Storage services (L3)
1HAAA;22108900;Maint & prod ser;Maintenance & production services (L1)
1HBAA;15000000;Maint & prod ser;Installation and maintenance services (L2)
1HBBA;15200800;Maint & prod ser;Calibration services (L3)
1HBCA;25020408;Maint & prod ser;Civil and structural services (L3)
1HBCB;15050300;Maint & prod ser;Scaffolding services (L4)
1HBCC;22129000;Maint & prod ser;Structural welding services (L4)
1HBDA;15090900;Maint & prod ser;Electrical services (L3)
1HBDB;27330000;Maint & prod ser;Automation, instrumentation and control services (L4)
1HBDC;27370000;Maint & prod ser;Low voltage electrical services (≤480v/600v) (L4)
1HBDD;27078900;Maint & prod ser;Medium voltage electrical services (>480v/600v ≤ 2.5Kv) (L4)
1HBDE;15069000;Maint & prod ser;Motors, VFDs, soft start electrical services (L4)
1HBEA;15069089;Maint & prod ser;Mechanical services (L3)
1HBEB;33030590;Maint & prod ser;Conveyor belting services (L4)
1HBEC;15100100;Maint & prod ser;Hydraulics & pneumatics services (L4)
1HBED;21089000;Maint & prod ser;Nonstructural welding, fitting & fabricated metal ser. (L4)
1HBEE;37129000;Maint & prod ser;Piping services (L4)
1HBEF;25290300;Maint & prod ser;Production equipment cleaning (L4)
1HBEG;15060000;Maint & prod ser;Production equipment services (L4)
1HBFA;15321400;Maint & prod ser;Refractory services (L3)
1HCAA;25090000;Maint & prod ser;Production support services (L2)
1HCBA;22100600;Maint & prod ser;Drilling and blasting (L3)
1HCBB;25309087;Maint & prod ser;Blasting and ROG services (L4)
1HCBC;25309086;Maint & prod ser;Drilling services (L4)
1HCBD;38060309;Maint & prod ser;Explosives & accessories (L4)
1HCBE;27371890;Maint & prod ser;Monitoring (L4)
1HCCA;25020100;Maint & prod ser;Production support and professional services (L3)
1HCCB;13040000;Maint & prod ser;Consulting engineering, design (L4)
1HCCC;25260808;Maint & prod ser;Consulting engineering, environmental (L4)
1HCCD;22100286;Maint & prod ser;Dust suppression and road cleaning (L4)
1HCCE;25140000;Maint & prod ser;Quality, inspection and certification services (L4)
1HCCF;21060100;Maint & prod ser;Regrind services (L4)
1HCCG;25260800;Maint & prod ser;Safety services (L4)
1HCDA;25309000;Maint & prod ser;Quarry production support (L3)
1HCDB;25309088;Maint & prod ser;Crushing & screening services (L4)
1HCDC;22100288;Maint & prod ser;Drag line (L4)
1HCDD;22100287;Maint & prod ser;Dredging (L4)
1HCDE;25229000;Maint & prod ser;Loading, hauling, stockpiling (L4)
1HCDF;22100289;Maint & prod ser;Stripping and excavation services (L4)
1HCDG;25021700;Maint & prod ser;Surveying (L4)
1HDAA;22100000;Maint & prod ser;Road construction services (L2)
1HDBA;22101300;Maint & prod ser;Concrete and reinforced concrete work (L3)
1HDCA;22100200;Maint & prod ser;Groundworks (L3)
1HDCB;22100204;Maint & prod ser;Erosion control (L4)
1HDCC;22100205;Maint & prod ser;Grading & excavating (L4)
1HDCD;22100207;Maint & prod ser;Sub base construction services (L4)
1HDDA;22100300;Maint & prod ser;Landscaping construction work (L3)
1HDEA;22104500;Maint & prod ser;Road construction work (L3)
1HDEB;22103106;Maint & prod ser;Guardrail erection (L4)
1HDEC;22104590;Maint & prod ser;Pavement marking (L4)
1HDED;25090706;Maint & prod ser;Road milling (L4)
1HDEE;22104505;Maint & prod ser;Road surfacing (L4)
1HDEF;25050657;Maint & prod ser;Road sweeping (L4)
1HDFA;22120000;Maint & prod ser;Road installment services (L3)
1HDFB;22105200;Maint & prod ser;Road electrical installment (L4)
1HDFC;22104400;Maint & prod ser;Road gas, water and sewage installment (L4)
1HDFD;22120100;Maint & prod ser;Road mechanical installment (L4)
1HDGA;40020100;Maint & prod ser;Traffic control (L3)
1HDGB;40020120;Maint & prod ser;Traffic control materials (L4)
1HDGC;22104512;Maint & prod ser;Traffic control services (L4)
1IAAA;28020000;Mobile equipment;Mobile equipment (L1)
1IBAA;17050000;Mobile equipment;Mobile equipment HME (L2)
1IBBA;36180289;Mobile equipment;Asphalt grinding/milling (L3)
1IBCA;17058201;Mobile equipment;Asphalt paving (L3)
1IBDA;17058202;Mobile equipment;Compaction rollers (L3)
1IBEA;28020200;Mobile equipment;Dozer, crawler (L3)
1IBFA;28020286;Mobile equipment;Dozer, tire (L3)
1IBGA;28020100;Mobile equipment;Excavator, crawler civil (L3)
1IBHA;28020186;Mobile equipment;Excavator, crawler quarry (L3)
1IBIA;28020185;Mobile equipment;Excavator, rubber tire (L3)
1IBJA;17058600;Mobile equipment;Grader equipment (L3)
1IBKA;28020285;Mobile equipment;Haul truck, articulate (L3)
1IBLA;28020284;Mobile equipment;Haul truck, rigid frame (L3)
1IBMA;17058204;Mobile equipment;Material transfer vehicle (MTV) (L3)
1IBNA;44130285;Mobile equipment;Truck end dump (L3)
1IBOA;44130284;Mobile equipment;Truck front concrete mixer (L3)
1IBPA;44130283;Mobile equipment;Truck rear concrete mixer (L3)
1IBQA;44130289;Mobile equipment;Truck tractor equipment (L3)
1IBRA;22020186;Mobile equipment;Wheel loaders (L3)
1ICAA;44880000;Mobile equipment;Mobile equipment non-key (L2)
1ICBA;28020184;Mobile equipment;Backhoes / skidsteers (L3)
1ICCA;17058203;Mobile equipment;Concrete paving equipment (L3)
1ICDA;28020504;Mobile equipment;Crane equipment (L3)
1ICEA;36120113;Mobile equipment;Dragline equipment (L3)
1ICFA;28110101;Mobile equipment;Farm tractors (L3)
1ICGA;36120389;Mobile equipment;Forklifts, combustion (L3)
1ICHA;36120385;Mobile equipment;Forklifts, electric and specialty (L3)
1ICIA;44130189;Mobile equipment;GVWR class 1-5 service fleet (L3)
1ICJA;44020190;Mobile equipment;Machine attachment equipment (L3)
1ICKA;36120290;Mobile equipment;Manlifts, boomlifts, scissorlifts equipment (L3)
1ICLA;28050000;Mobile equipment;Marine and air equipment (L3)
1ICMA;27320401;Mobile equipment;Mobile equipment, machine scales (L3)
1ICNA;28069000;Mobile equipment;Mobile equipment, misc equipment (L3)
1ICOA;21051700;Mobile equipment;Mobile generators equipment (L3)
1ICPA;21129000;Mobile equipment;Mobile plants and equipment (L3)
1ICQA;44060000;Mobile equipment;Mobile pressure vessels (L3)
1ICRA;36419000;Mobile equipment;Mobile pumps equipment (L3)
1ICSA;28100200;Mobile equipment;Off hwy water wagon equipment (L3)
1ICTA;28040000;Mobile equipment;Rail cars (L3)
1ICUA;36199000;Mobile equipment;Scrapers static, self load equipment (L3)
1ICVA;26890000;Mobile equipment;Signs, light plants, attentuator trucks (L3)
1ICWA;17058900;Mobile equipment;Sweepers and vacuum equipment (L3)
1ICXA;28080200;Mobile equipment;Trailers and trailer off-load equipment (L3)
1ICYA;17058300;Mobile equipment;Trenchers and trimmers (L3)
1ICZA;44120000;Mobile equipment;Truck bodies (end-dumps, etc) (L3)
1IC1A;44130282;Mobile equipment;Truck concrete specialty (L3)
1IC2A;21080790;Mobile equipment;Welders equipment (L3)
1IDAA;44000000;Mobile equipment;Mobile equipment parts & supplies (L2)
1IDBA;44020185;Mobile equipment;Attachments, hammers, forks, brooms (L3)
1IDCA;36099100;Mobile equipment;Bed, body, tank, barrel, box, boom (L3)
1IDDA;44100200;Mobile equipment;Brake system air and hydraulic (L3)
1IDEA;44890000;Mobile equipment;Cab, sheet metal, interior, heating, cooling (L3)
1IDEB;44010100;Mobile equipment;Mobile equipment, interior (L4)
1IDFA;44108900;Mobile equipment;Chassis, suspension, main frame, steering (L3)
1IDFB;44100000;Mobile equipment;Chassis (L4)
1IDFC;44100300;Mobile equipment;Steering (L4)
1IDGA;44020184;Mobile equipment;Implement, attachm.bucket,blade,hammer,fork,ripper,broom(L3)
1IDGB;44020186;Mobile equipment;Brooms (L4)
1IDHA;36123400;Mobile equipment;Mobile conveyors and handling equipment (L3)
1IDIA;44020188;Mobile equipment;Mobile equipment ground engaging tools (L3)
1IDIB;44020187;Mobile equipment;Screed (L4)
1IDJA;13090400;Mobile equipment;Mobile equipment rebuilds (L3)
1IDKA;44010000;Mobile equipment;Mobile equipment repair shop (L3)
1IDLA;44040000;Mobile equipment;Mobile equipment, electrics and electronics parts (L3)
1IDLB;44060300;Mobile equipment;Charging system (L4)
1IDLC;44040300;Mobile equipment;Lighting (L4)
1IDLD;44110000;Mobile equipment;Mobile equipment, air conditioning / cooling (L4)
1IDLE;44080000;Mobile equipment;Power generation (L4)
1IDMA;44070000;Mobile equipment;Mobile equipment, engine & engine spare parts (L3)
1IDMB;44070702;Mobile equipment;Lube system (L4)
1IDMC;44070200;Mobile equipment;Mobile equipment, engine (L4)
1IDNA;27308900;Mobile equipment;Mobile equipment, hydraulics (L3)
1IDNB;44020189;Mobile equipment;Mobile hoist system (L4)
1IDOA;15100200;Mobile equipment;Pneumatic system (non brake), bulk transfer (L3)
1IDOB;36430000;Mobile equipment;Air compressor system (L4)
1IDPA;44010400;Mobile equipment;Service, inspections, safety devices (L3)
1IDQA;44050490;Mobile equipment;Telematics, communications, automation (L3)
1IDQB;44050400;Mobile equipment;Navigation and communication systems (L4)
1IDRA;28099000;Mobile equipment;Tires / wheels (L3)
1IDRB;28090000;Mobile equipment;Tires (L4)
1IDSA;44099000;Mobile equipment;Transmission, torque convertor, axles, transfercase (L3)
1IDSB;44090100;Mobile equipment;Transmission (main, manual) (L4)
1IDTA;44109000;Mobile equipment;Undercarriage, tracks (L3)
1IEAA;15130000;Mobile equipment;Mobile equipment services (L2)
1IEBA;36120187;Mobile equipment;Mobile equipment rental (L3)
1IEBB;28020587;Mobile equipment;Cranes and boom trucks non-key rental (L4)
1IEBC;36120386;Mobile equipment;Forklifts non-key rental (L4)
1IEBD;44130286;Mobile equipment;GVWR class 5-8 trucks non-key rental (L4)
1IEBE;44130186;Mobile equipment;Light vehicles non-key rental (L4)
1IEBF;28508700;Mobile equipment;Marine and rail rental (L4)
1IEBG;36180286;Mobile equipment;Paving and compaction equipment key rental (L4)
1IEBH;28020287;Mobile equipment;Quarry equipment key rental (L4)
1IEBI;28080287;Mobile equipment;Trailers rental (L4)
1IECA;15130289;Mobile equipment;Mobile equipment services, auto electrician (L3)
1IEDA;15328900;Mobile equipment;Mobile equipment services, equipment service (L3)
1IEEA;25309090;Mobile equipment;Mobile equipment services, fleet management services (L3)
1IEFA;25270190;Mobile equipment;Mobile equipment services, lease agreements (L3)
1IEGA;15328800;Mobile equipment;Mobile equipment services, mechanics (L3)
1IEHA;15130200;Mobile equipment;Mobile equipment services, preventative maintenance (L3)
1IEIA;15328700;Mobile equipment;Mobile equipment services, rebuilds (L3)
1JAAA;20000000;Packaging;Packaging (L1)
1JBAA;20030000;Packaging;Bag (L2)
1JBBA;20030200;Packaging;Bag, paper, packaging (L3)
1JBCA;20030100;Packaging;Bag, plastic, packaging (L3)
1JBDA;20240401;Packaging;Bulk bags (L3)
1JCAA;20890000;Packaging;Container (L2)
1JCBA;20130000;Packaging;Container, box, packaging (L3)
1JCCA;20050000;Packaging;Container, bucket, packaging (L3)
1JCCB;20050101;Packaging;Bucket, metal, packaging (L4)
1JCCC;20050290;Packaging;Bucket, plastic, packaging (L4)
1JCDA;20140000;Packaging;Container, crate, packaging (L3)
1JCEA;20060000;Packaging;Container, drum, packaging (L3)
1JCFA;20190000;Packaging;Lid, packaging (L3)
1JDAA;20420000;Packaging;Packaging aid (L2)
1JDBA;23330200;Packaging;Adhesive tape (L3)
1JDCA;24281400;Packaging;Label (L3)
1JDDA;20420200;Packaging;Load securing material (L3)
1JDDB;20420201;Packaging;Load securing grid/board, wood (L4)
1JDDC;20420202;Packaging;Padding (L4)
1JDDD;35030501;Packaging;Tarpaulin, plastic (L4)
1JDDE;20420210;Packaging;Tightening strap, metal (L4)
1JDDF;20420209;Packaging;Tightening strap, plastic (L4)
1JDEAA;20370000;Packaging;Paperboard (L3)
1JDEAB;20370000;Packaging;Insulation
1JDEB;20370501;Packaging;Cardboard paper (L4)
1JDEC;20370400;Packaging;Corrugated paperboard (L4)
1JDFA;20270000;Packaging;Wrapping (L3)
1JDFB;20380103;Packaging;Top sheet (L4)
1JDFC;20270114;Packaging;Wrapping, shrink film, packaging (L4)
1JDFD;20270104;Packaging;Wrapping, stretch film, packaging (L4)
1JEAA;20260100;Packaging;Pallet, wood (L2)
1JFA;20260301;Packaging;Pallet, Metal (L2)
1KAAA;36000000;Production equipment;Production equipment (L1)
1KBAA;27230000;Production equipment;Control systems (L2)
1KBBA;33058900;Production equipment;Environment control systems (L3)
1KBBB;36089123;Production equipment;Air pollution control systems (L4)
1KBBC;33059089;Production equipment;Baghouse (L4)
1KBBD;33059088;Production equipment;Filter bags & cages (L4)
1KBBE;33059000;Production equipment;Recycling systems & parts (L4)
1KBBF;33050000;Production equipment;Water treatment (L4)
1KBCA;27120000;Production equipment;Plant control systems (L3)
1KCAA;27070000;Production equipment;Electrical equipment (L2)
1KCBA;27142400;Production equipment;Electrical distribution equipment (L3)
1KCCA;27149100;Production equipment;Electrical parts & supplies (L3)
1KCDA;36449100;Production equipment;Motor spareparts (L3)
1KCEA;36449000;Production equipment;Motors (L3)
1KDAA;36120000;Production equipment;Materials handling equipment (L2)
1KDBA;36128900;Production equipment;Ashpalt plant systems & equipment (L3)
1KDBB;36120902;Production equipment;Batching systems & batch tower (L4)
1KDBC;36030105;Production equipment;Silos & surge bins (L4)
1KDBD;35030104;Production equipment;Storage tanks & systems (L4)
1KDCA;36120400;Production equipment;Conveyor systems & parts (L3)
1KDCB;36120404;Production equipment;Chain (L4)
1KDCC;36120402;Production equipment;Conveyor belting (L4)
1KDCD;36120405;Production equipment;Conveyors & stackers (L4)
1KDCE;36120990;Production equipment;Feeders, hoppers & bins (L4)
1KDCF;36129104;Production equipment;Idlers & pulleys (L4)
1KDDA;36150000;Production equipment;Loading / unloading equipment (L3)
1KDEA;36520000;Production equipment;Packing plants & parts (L3)
1KDFA;27320000;Production equipment;Weighing systems & parts (L3)
1KDFB;27320101;Production equipment;Truck scales (L4)
1KEAA;36890000;Production equipment;Materials processing equipment (L2)
1KEBA;36230000;Production equipment;Aggregate wash plant (L3)
1KECA;36082403;Production equipment;Alternative fuel machinery (L3)
1KEDA;35010600;Production equipment;Casted / forged parts (L3)
1KEDB;35010689;Production equipment;Cooler plates (L4)
1KEDC;36189104;Production equipment;Crusher wear parts (L4)
1KEDD;21012400;Production equipment;Gears, girth, ring & pinions (L4)
1KEDE;36189189;Production equipment;Grinding media (L4)
1KEDF;36089100;Production equipment;Kiln wear parts (L4)
1KEDG;35010688;Production equipment;Mixer tips & arms (L4)
1KEDH;35010687;Production equipment;Pump wear parts (L4)
1KEEA;17058800;Production equipment;Concrete production systems (L3)
1KEEB;36090200;Production equipment;Concrete mixers (L4)
1KEFA;36180000;Production equipment;Crushing systems & parts (L3)
1KEFB;36189190;Production equipment;Crusher ancillary parts (L4)
1KEFC;36180100;Production equipment;Crushers (L4)
1KEGA;36890100;Production equipment;Dredging systems (L3)
1KEHA;36160000;Production equipment;Drying equipment (L3)
1KEIA;36189000;Production equipment;Grinding systems & parts (L3)
1KEIB;36180200;Production equipment;Grinding mill (L4)
1KEIC;36189103;Production equipment;Grinding mill parts (L4)
1KEID;36189188;Production equipment;Mill / VRM liners (L4)
1KEJA;36080000;Production equipment;Kilns & parts (L3)
1KEJB;36088900;Production equipment;Kilns (L4)
1KEJC;36089189;Production equipment;Refractory bricks (L4)
1KEKA;17058100;Production equipment;Precast production systems (L3)
1KELA;36190000;Production equipment;Screening systems & parts (L3)
1KELB;36191290;Production equipment;Screen media (L4)
1KELC;36199100;Production equipment;Screening parts (L4)
1KELD;36191200;Production equipment;Screening systems (L4)
1KFAA;17890000;Production equipment;Materials shaping equipment (L2)
1KFBA;18159000;Production equipment;Aluminium / aluminum extrusion plants & parts (L3)
1KFCA;17090000;Production equipment;Glass production plants & parts (L3)
1KFDA;21180000;Production equipment;Metal shaping equipment (L3)
1KFEA;18060300;Production equipment;Moulds (L3)
1KFFA;17069000;Production equipment;Plastic injection / extrusion equipment (L3)
1KGAA;23000000;Production equipment;Production equipment supplies & consumables (L2)
1KGBA;21060700;Production equipment;Air & compressed air systems (L3)
1KGCA;23050000;Production equipment;Bearings (L3)
1KGDA;27300000;Production equipment;Hydraulics & pneumatics (L3)
1KGEA;32000000;Production equipment;Laboratory equipment (L3)
1KGFA;36440000;Production equipment;Power transmission (L3)
1KGGA;36410000;Production equipment;Pumps (L3)
1KGHAA;21080700;Production equipment;Welding supplies & parts (L3)
1KGHAB;21080700;Production equipment;Plastic Molded Part
1LAAA;26000000;Raw materials;Raw materials (L1)
1LBAA;22130100;Raw materials;Aggregates (L2)
1LBBA;22130113;Raw materials;Crushed stone (L3)
1LBCA;22130125;Raw materials;Recycled materials (L3)
1LBDA;22130111;Raw materials;Sand (L3)
1LBEA;22130109;Raw materials;Washed gravel (L3)
1LCAA;22340301;Raw materials;Bitumen (L2)
1LCBA;22130117;Raw materials;Hotmix asphalt (L3)
1LCCA;22340303;Raw materials;Liquid asphalt, emulsion (L3)
1LCDA;22130118;Raw materials;Liquid asphalt, neat (L3)
1LCDB;22130189;Raw materials;Liquid asphalt, neat 46-34 (L4)
1LCDC;22130188;Raw materials;Liquid asphalt, neat 58-22 (L4)
1LCDD;22130187;Raw materials;Liquid asphalt, neat 58-28 (L4)
1LCDE;22130186;Raw materials;Liquid asphalt, neat 64-22 (L4)
1LCDF;22130185;Raw materials;Liquid asphalt, neat 64-28 (L4)
1LCDG;22130184;Raw materials;Liquid asphalt, neat 67-22 (L4)
1LCDH;22130183;Raw materials;Liquid asphalt, neat 70-22 (L4)
1LCDI;22130182;Raw materials;Liquid asphalt, neat AC-30 (L4)
1LCEA;22130126;Raw materials;Mastic asphalt polymeric modified (L3)
1LCEB;22130181;Raw materials;Mastic asphalt polymeric modified, 52-34 (L4)
1LCEC;22130180;Raw materials;Mastic asphalt polymeric modified, 52-58 (L4)
1LCED;22130179;Raw materials;Mastic asphalt polymeric modified, 58-34 (L4)
1LCEE;22130178;Raw materials;Mastic asphalt polymeric modified, 62-22 (L4)
1LCEF;22130177;Raw materials;Mastic asphalt polymeric modified, 64-28 (L4)
1LCEG;22130176;Raw materials;Mastic asphalt polymeric modified, 64-34 (L4)
1LCEH;22130175;Raw materials;Mastic asphalt polymeric modified, 70-22 (L4)
1LCEI;22130174;Raw materials;Mastic asphalt polymeric modified, 70-28 (L4)
1LCEJ;22130173;Raw materials;Mastic asphalt polymeric modified, 76-22 (L4)
1LCEK;22130172;Raw materials;Mastic asphalt polymeric modified, 76-28 (L4)
1LCEL;22130171;Raw materials;Mastic asphalt polymeric modified, 82-22 (L4)
1LCFA;22130128;Raw materials;Repair asphalt (L3)
1LDAA;22340306;Raw materials;Cement (L2)
1LDBA;22340388;Raw materials;Masonry cement (L3)
1LDBB;22340387;Raw materials;Masonry cement, grey type M (L4)
1LDBC;22340386;Raw materials;Masonry cement, grey type N (L4)
1LDBD;22340385;Raw materials;Masonry cement, grey type S (L4)
1LDBE;22340382;Raw materials;Masonry cement, white type M (L4)
1LDBF;22340381;Raw materials;Masonry cement, white type N (L4)
1LDBG;22340380;Raw materials;Masonry cement, white type S (L4)
1LDCA;22340379;Raw materials;Portland cement (L3)
1LDCB;22340378;Raw materials;Portland cement, CEM/type I (L4)
1LDCC;22340377;Raw materials;Portland cement, CEM/type II (L4)
1LDCD;22340376;Raw materials;Portland cement, CEM/type III (L4)
1LDCE;22340365;Raw materials;Portland cement, CEM/type IV (L4)
1LDCF;22340369;Raw materials;Portland cement, CEM/type V (L4)
1LDCG;22340368;Raw materials;Portland cement, white cement (L4)
1LDDA;22340367;Raw materials;Specialty cements (L3)
1LEAA;22340389;Raw materials;Clinker (L2)
1LFAA;22340102;Raw materials;Concrete (L2)
1LGAA;22340200;Raw materials;Mortars (L2)
1MAAA;89000000;Tax adm & empl benf;Taxes, admin & employee benefits (L1)
1MBAA;89010000;Tax adm & empl benf;Branch subscriptions (L2)
1MCAA;89020000;Tax adm & empl benf;Employee allowances & incentives (L2)
1MCBA;89020100;Tax adm & empl benf;Employee allowances (L3)
1MCCA;89020200;Tax adm & empl benf;Employee incentives (L3)
1MCDA;89020300;Tax adm & empl benf;Pension / social security (L3)
1MDAA;89050000;Tax adm & empl benf;Fuel re-sales (L2)
1MEAA;89030000;Tax adm & empl benf;Government tax & services (L2)
1MEBA;89030100;Tax adm & empl benf;Business & income tax (L3)
1MECA;89030200;Tax adm & empl benf;Payroll & employee tax (L3)
1MEDA;89030300;Tax adm & empl benf;Penalties & fines (L3)
1MEEA;89030400;Tax adm & empl benf;Permits (L3)
1MEFA;89030500;Tax adm & empl benf;Property & real estate tax (L3)
1MEGA;89030600;Tax adm & empl benf;Road tax & tolls (L3)
1MEHA;89030700;Tax adm & empl benf;Sales & use tax (L3)
1MFAA;89040000;Tax adm & empl benf;Intercompany payments / admin fees (L2)
1MGAA;25150589;Tax adm & empl benf;Marketing, commisions & rebates (L2)
1MHAA;89060000;Tax adm & empl benf;Organisations / organizations & associations (L2)
1MIAA;25150588;Tax adm & empl benf;Sponsorship / donations (L2)
1ACEAA;22330100;Bldg comp & mfg mats;Prefabricated concrete (L3)
1ACEAB;22330100;Bldg comp & mfg mats;Prefabricated concrete (L3)
1ADFAC;21130700;Bldg comp & mfg mats;Lifting element (L3)
1APHBJ;35068004;Bldg comp & mfg mats;Stainless steel, bars & profiles (L4)
1KDGB;36120000;Production equipment;Materials handling equipment (L2)
1EDBA;25151701;General services;Corporate fleet (L2)
1GCDB;14029000;Logistics;Intercompany Transportation (L3)
1APHBK;35068004;Bldg comp & mfg mats;Stainless steel, bars & profiles (L4)
1EDBB;25151701;General services;Corporate fleet (L2)
1A;22000000;Bldg comp & mfg mats;Building components & manufacturing materials (L1)
01;22000000;Bldg comp & mfg mats;Building components & manufacturing materials (L1)
02;22000000;Bldg comp & mfg mats;Building components & manufacturing materials (L1)